0.00,0.57,0.00,0.00,0.00,0.00,6.00,4.00
2.50,0.00,5.25,0.00,1.50,10.00,5.00,6.25
0.00,0.00,0.00,0.00,6.41,0.00,0.00,2.31
0.00,0.00,0.00,1.59,0.00,10.00,0.00,1.82
0.00,0.00,5.22,0.00,4.57,0.00,0.00,1.96
0.65,0.00,0.00,0.00,0.00,0.00,0.00,4.84
0.00,0.00,8.46,5.19,0.00,0.00,4.62,3.08
0.00,0.00,0.00,0.00,0.00,0.00,0.00,2.22
3.50,0.00,0.00,0.00,0.00,0.00,1.25,5.75
0.00,0.00,10.00,0.00,4.77,0.00,5.00,2.73
0.00,0.00,0.00,0.00,1.30,0.87,0.00,6.52
0.00,0.00,0.00,0.00,0.00,0.00,0.00,3.95
0.00,5.00,0.00,3.82,7.94,0.00,0.00,2.94
0.00,0.00,0.00,0.00,0.00,0.00,0.00,1.89
0.00,0.00,0.00,0.00,0.00,0.00,0.00,2.31
0.00,0.70,6.28,0.00,0.00,0.00,0.00,10.00
0.00,0.00,0.00,0.00,0.34,0.00,2.41,3.79
0.00,0.00,0.00,0.00,0.00,2.00,1.14,3.71
0.00,0.00,0.00,0.00,0.00,0.00,0.00,2.69
0.00,9.71,0.00,0.00,6.00,0.00,1.43,0.57
0.00,0.00,7.02,0.00,0.00,8.72,0.00,3.83
0.00,6.18,0.00,9.41,0.00,0.00,0.00,0.59
1.08,0.00,0.00,1.89,0.00,0.00,0.00,7.03
5.43,0.00,0.00,0.00,0.00,0.00,0.00,3.14
0.00,2.70,0.00,0.00,0.00,0.00,0.00,2.70
0.00,0.00,6.32,0.00,0.00,2.11,0.26,10.00
0.00,0.00,0.00,7.92,0.00,0.00,0.00,2.64
0.00,0.00,2.35,0.00,0.00,0.00,10.00,5.88
6.57,4.57,0.00,0.00,0.00,0.00,0.00,2.57
0.00,0.00,6.56,0.00,0.00,0.00,0.00,2.81
0.00,0.00,0.00,0.00,0.00,2.42,6.36,6.67
0.00,0.00,6.44,7.11,0.00,0.00,0.00,0.44
0.00,1.58,0.00,0.00,0.00,0.00,0.00,6.32
0.00,0.00,0.00,10.00,0.00,0.00,0.00,3.33
9.71,0.00,0.00,0.00,0.00,0.00,3.53,10.00
0.00,0.00,0.00,0.00,6.00,5.60,0.00,7.20
4.29,0.00,0.00,0.00,0.00,0.00,2.50,10.00
0.00,0.00,3.44,4.38,0.00,0.00,5.31,0.62
0.00,2.41,0.00,0.00,0.00,7.59,5.17,3.10
0.00,0.00,0.00,0.00,0.00,0.00,6.55,2.00
5.00,7.31,0.00,0.00,0.00,0.00,0.00,4.23
4.07,0.00,3.70,0.00,0.00,0.00,6.67,5.93
4.36,0.00,2.05,6.15,0.00,5.38,0.00,1.79
0.00,0.00,0.00,0.00,0.00,0.00,0.00,4.05
9.44,3.61,0.00,0.00,0.00,3.61,0.00,3.33
0.00,0.00,0.00,2.35,0.00,0.00,0.00,4.71
0.00,6.09,0.00,0.00,0.00,0.00,0.00,3.48
0.00,0.00,0.00,6.13,0.00,0.00,0.00,0.97
0.00,0.00,5.71,0.00,4.57,0.00,10.00,2.86
5.21,0.00,0.00,0.00,0.00,0.00,0.00,6.46
0.00,0.00,0.00,0.00,0.00,0.00,3.75,8.12
0.00,0.00,0.00,0.61,10.00,0.00,0.00,6.67
0.00,0.00,4.00,0.00,0.00,0.00,0.00,0.67
0.00,0.00,3.71,0.00,0.00,0.00,0.00,6.57
0.00,3.66,0.00,0.00,0.00,0.00,0.00,4.15
0.00,0.00,8.15,0.00,6.67,3.70,0.00,7.41
0.00,0.00,0.00,0.00,3.51,0.00,0.00,2.16
0.00,0.00,2.00,3.33,0.00,0.00,0.00,7.67
0.00,0.00,0.00,0.00,0.00,6.11,4.17,2.50
0.00,0.00,0.00,0.00,0.00,0.00,0.00,0.91
0.00,0.00,0.00,0.00,0.00,0.00,0.00,10.00
0.00,0.00,0.00,5.41,10.00,0.00,1.35,0.54
3.94,0.00,3.94,0.00,0.00,2.42,0.00,6.06
0.00,0.00,6.56,0.31,0.00,0.00,0.00,5.62
0.00,0.00,0.00,0.00,0.00,0.00,0.00,3.12
2.22,0.00,0.00,0.00,5.74,0.00,0.00,1.67
0.00,0.00,4.04,4.89,0.00,0.00,0.00,10.00
0.00,1.79,0.00,0.00,0.00,0.00,7.44,10.00
0.00,0.00,0.00,0.00,3.06,0.00,0.00,6.94
2.70,0.00,0.00,10.00,0.00,0.00,0.00,4.05
0.00,0.00,0.00,0.00,0.00,0.00,0.00,4.59
3.33,0.00,0.00,0.00,0.00,0.00,1.25,6.46
0.00,0.00,4.87,0.00,0.00,0.00,3.59,5.38
0.00,0.00,0.00,0.00,0.00,0.00,3.43,5.71
2.35,0.00,0.00,0.00,0.00,0.88,0.00,7.35
0.00,6.76,4.05,0.00,0.00,2.43,10.00,2.97
0.00,4.22,0.00,0.00,0.00,0.00,0.00,2.67
0.00,0.00,0.00,10.00,0.00,0.00,0.00,3.10
0.00,2.26,0.00,0.00,0.00,3.87,0.00,9.35
0.00,0.00,0.00,4.17,4.79,0.00,0.00,8.96
0.00,0.00,0.00,2.35,0.00,5.88,0.00,5.88
0.00,0.00,0.00,0.00,5.85,0.00,0.00,1.95
0.00,0.00,0.00,0.00,0.00,0.00,3.53,9.12
0.00,6.47,0.00,0.00,0.00,0.00,0.00,5.29
0.00,0.00,4.57,0.00,6.57,0.00,0.00,4.29
5.41,6.49,0.00,6.76,0.00,0.00,0.00,1.08
0.00,0.00,0.00,3.66,1.46,0.00,0.00,3.66
6.06,0.00,4.24,0.00,0.00,0.61,0.00,5.76
3.81,0.00,0.00,0.00,0.00,0.00,0.00,1.67
6.47,0.00,0.00,0.00,3.24,0.00,0.00,0.59
0.00,5.14,0.54,0.00,2.43,3.78,0.00,4.05
10.00,0.00,0.00,7.14,0.00,0.00,5.10,3.67
4.47,0.00,0.00,0.00,0.00,0.00,0.00,6.05
2.96,0.00,0.00,0.00,0.00,0.00,4.44,4.07
1.71,3.41,0.00,7.56,0.00,0.00,0.00,5.12
0.00,0.00,0.00,0.00,0.00,0.00,0.00,9.25
0.00,0.00,0.00,0.00,0.00,0.00,0.00,1.43
4.67,0.00,0.00,0.00,0.00,0.00,0.00,0.67
0.00,0.00,0.00,0.00,0.00,0.00,0.00,0.64
0.00,0.00,0.00,0.00,0.00,0.00,5.43,2.57
0.00,0.00,4.17,0.00,0.00,0.00,8.06,4.44
0.00,0.00,0.00,0.00,0.00,0.00,0.00,10.00
1.29,0.00,0.00,0.00,4.52,0.00,0.00,3.87
0.00,1.84,0.00,0.00,0.00,0.00,0.00,6.58
1.67,5.83,0.00,8.06,0.00,0.00,0.00,6.11
0.00,0.00,0.00,0.00,3.41,0.00,0.00,2.44
0.00,0.00,0.00,0.00,0.00,0.00,3.00,8.33
0.00,0.00,0.00,6.00,0.00,0.00,7.75,10.00
0.00,3.81,0.00,0.00,0.00,0.00,0.00,8.57
0.00,0.00,0.00,0.00,0.00,0.00,0.00,7.44
0.00,0.00,0.00,0.00,7.30,0.00,0.00,3.24
0.00,0.00,0.00,0.00,6.25,0.00,5.00,0.62
0.00,0.00,0.00,0.00,0.54,0.00,0.00,7.57
0.00,0.00,5.43,0.00,3.43,0.00,0.00,10.00
0.00,10.00,0.00,7.14,0.00,0.00,0.00,6.29
0.00,0.00,0.00,2.65,0.00,0.00,0.00,7.06
2.63,0.00,0.00,0.00,0.00,0.00,0.00,3.42
5.00,0.00,0.00,2.06,0.00,4.71,0.00,3.53
0.00,0.00,2.38,9.76,10.00,0.00,3.10,4.52
0.00,4.55,2.73,0.00,1.52,10.00,7.58,0.30
1.61,2.26,6.13,0.00,0.00,0.00,3.87,8.39
0.00,0.00,0.00,0.00,5.33,0.00,0.00,0.44
0.00,0.00,4.87,0.00,0.00,0.00,0.00,3.08
0.00,0.00,7.04,0.00,10.00,9.63,0.00,0.37
0.62,0.00,0.00,0.00,2.81,0.00,0.00,6.56
0.00,2.19,0.00,0.00,0.00,0.00,4.06,8.12
0.00,0.00,1.40,0.00,0.00,0.00,0.00,6.28
0.00,5.85,0.00,0.00,0.00,0.00,7.36,1.13
0.00,0.00,0.00,0.00,0.00,4.83,2.07,4.83
0.00,0.00,1.09,0.00,0.00,0.00,3.04,8.48
1.03,0.00,0.00,0.00,4.83,0.00,6.55,3.45
0.00,0.00,0.00,0.00,0.00,0.00,2.70,4.86
0.00,0.00,3.61,0.00,0.00,4.72,0.00,5.56
0.00,0.00,0.00,0.00,0.00,0.00,0.00,3.57
0.00,0.00,0.00,0.00,0.00,0.00,0.00,4.78
0.00,5.14,2.29,0.00,0.00,0.00,0.00,3.71
0.00,0.00,0.89,0.00,0.00,0.00,0.00,6.00
0.00,0.00,0.00,0.00,0.00,0.00,0.00,2.86
0.00,4.88,0.00,0.00,6.59,0.00,0.00,8.29
0.00,0.00,0.00,3.95,8.95,0.00,0.00,3.16
4.55,0.00,0.00,0.00,0.00,4.55,4.24,0.61
0.00,4.05,0.00,6.67,0.00,0.00,3.81,2.38
0.00,10.00,0.00,0.00,0.00,0.00,3.00,0.50
0.00,0.00,2.20,0.00,0.00,3.66,0.00,6.59
7.00,0.00,0.00,0.00,6.00,0.00,0.00,2.00
10.00,0.00,1.82,3.33,0.00,0.00,0.00,4.85
3.75,0.00,1.00,3.25,0.00,0.00,0.00,4.75
0.00,8.11,0.00,1.62,0.27,0.00,0.00,2.70
0.00,0.00,1.96,0.00,0.00,0.00,0.00,5.00
0.00,0.00,0.00,7.93,0.00,7.93,0.00,5.52
0.00,0.00,0.00,0.00,0.00,0.00,0.00,5.24
0.00,0.00,4.57,0.00,4.86,0.00,1.14,7.14
0.00,7.06,0.00,0.00,0.00,2.06,0.00,7.65
0.00,0.00,0.00,0.00,0.00,4.40,0.00,1.60
0.00,0.00,0.00,0.00,0.00,0.00,0.00,6.36
5.86,0.00,0.00,0.00,0.00,2.41,2.41,6.55
9.19,0.00,5.41,0.00,0.00,2.16,0.00,4.32
0.00,0.00,0.00,7.58,0.00,0.00,6.06,9.09
0.00,3.17,0.00,0.00,0.00,3.90,0.00,3.90
0.00,0.00,0.00,0.00,4.74,0.00,0.00,4.47
0.00,0.00,0.00,0.00,0.00,0.00,0.00,7.05
3.14,7.14,0.00,10.00,0.57,0.29,5.43,2.29
2.75,0.00,0.00,0.00,0.00,0.00,0.00,3.75
3.70,9.26,0.00,1.48,0.00,0.00,0.37,10.00
8.44,6.56,0.00,0.00,0.00,0.00,0.00,1.25
0.00,0.00,0.00,0.00,0.00,0.00,0.00,6.55
6.49,0.00,3.78,0.00,0.00,0.00,0.00,3.24
0.00,0.00,0.00,0.00,0.00,3.78,9.19,6.76
4.17,0.00,0.00,0.00,5.21,0.00,1.25,4.38
1.94,0.00,0.00,0.00,0.00,0.00,0.00,8.39
0.00,0.00,0.00,0.00,10.00,0.00,0.00,2.77
0.00,0.00,0.00,0.00,0.00,0.00,0.00,3.26
0.00,3.08,9.49,0.00,6.92,0.00,0.00,2.05
5.92,3.67,0.00,0.00,0.00,0.00,0.00,6.73
0.00,0.00,0.00,0.00,0.00,0.00,0.00,3.33
0.00,1.21,0.00,0.00,0.00,0.00,0.00,4.24
0.00,0.00,0.00,0.00,0.00,3.33,0.00,6.25
1.88,0.00,0.00,0.00,0.00,6.88,0.00,6.25
0.00,0.00,0.00,0.00,1.11,0.00,0.00,6.39
0.00,0.00,0.00,0.00,0.00,0.00,3.53,1.47
0.00,0.00,0.00,0.30,0.00,0.00,0.00,3.03
0.00,0.00,0.00,0.00,0.00,3.87,0.00,10.00
0.00,0.00,0.00,0.00,0.00,3.95,0.00,9.47
0.00,0.00,0.00,0.00,0.00,0.00,5.00,0.21
0.00,0.94,7.50,0.00,0.00,0.00,0.00,5.31
0.00,0.00,0.00,0.00,0.00,4.84,0.00,5.81
0.00,6.44,0.00,0.00,0.00,0.00,0.00,4.89
0.00,1.03,0.00,0.00,0.00,0.00,1.54,7.18
0.00,0.00,0.00,0.00,0.00,0.00,0.00,4.42
7.11,0.00,0.00,0.00,5.79,0.00,0.00,3.95
1.00,0.00,0.00,0.00,0.00,0.00,6.00,2.67
3.85,2.82,0.00,0.00,0.00,0.00,0.00,10.00
0.00,0.00,0.00,0.00,0.00,0.00,0.00,9.00
6.39,0.00,0.00,0.00,0.00,0.00,0.00,1.67
0.00,0.00,6.40,0.00,0.00,0.00,0.00,4.80
0.00,0.00,4.29,7.38,0.00,0.00,0.00,2.14
0.43,0.00,0.00,0.00,0.00,0.00,0.00,5.65
0.00,0.00,0.00,0.00,0.00,0.00,0.00,2.07
0.00,2.42,0.00,0.00,3.03,0.00,0.00,9.09
0.00,0.00,9.23,0.00,0.00,0.00,0.00,1.79
0.00,0.00,0.00,0.00,0.00,6.47,0.00,5.59
0.00,0.00,0.00,4.85,0.00,0.00,0.00,1.82
0.00,0.00,0.00,0.00,7.63,6.84,6.58,7.37
0.00,0.86,10.00,3.71,0.00,0.00,0.00,3.43
0.00,0.00,0.00,0.00,2.16,7.03,2.16,7.57
0.00,0.00,0.00,0.00,0.00,0.00,0.00,6.45
0.00,0.00,0.00,0.00,0.00,0.00,8.21,1.79
2.22,0.00,0.00,0.00,0.00,1.78,0.00,10.00
0.00,0.00,0.00,0.00,9.43,0.00,0.00,4.57
0.00,0.00,2.73,0.00,0.00,0.00,0.00,8.64
0.00,0.00,0.00,5.37,0.00,0.00,0.24,10.00
0.00,0.00,0.00,0.00,0.00,0.00,0.00,6.13
0.00,0.00,0.00,0.00,0.00,0.00,0.00,1.88
0.00,0.00,10.00,0.00,0.00,0.00,0.00,1.67
0.00,0.00,0.00,0.00,10.00,0.23,1.82,3.41
0.00,2.50,0.00,0.00,5.25,4.25,0.00,4.50
0.00,0.00,0.00,0.00,4.72,0.00,0.00,5.56
0.00,0.00,0.00,0.00,0.00,0.00,2.78,6.11
0.00,0.00,0.00,0.00,0.00,0.00,0.00,1.29
0.00,0.00,0.00,0.00,0.00,0.00,0.00,6.57
0.00,0.00,2.35,4.71,5.29,0.00,0.00,4.12
0.00,0.00,0.00,0.00,4.44,0.00,0.00,3.61
0.00,0.00,0.00,0.00,0.00,0.00,7.00,8.67
0.00,0.00,0.00,0.00,0.91,6.06,4.24,6.97
1.11,0.00,0.00,0.00,6.22,0.00,0.00,0.89
0.00,0.00,0.00,0.00,0.00,4.00,0.00,2.75
0.00,0.00,0.00,0.00,4.40,0.00,0.00,7.20
7.63,10.00,0.00,5.53,1.84,0.00,0.00,2.11
2.00,0.00,3.14,0.00,8.00,0.00,0.00,8.00
4.19,0.00,0.00,0.00,0.00,0.00,0.00,3.23
0.00,5.91,0.00,0.00,3.41,0.00,0.00,3.64
0.00,0.00,0.00,6.51,0.00,1.63,6.51,2.33
0.00,0.00,0.00,0.00,0.00,0.00,0.00,5.00
0.00,0.00,0.00,0.24,0.00,0.00,0.00,2.62
0.00,0.00,6.67,0.00,0.00,0.00,5.33,0.67
0.00,0.00,0.00,0.00,0.00,0.00,10.00,1.03
0.00,0.00,0.00,0.00,0.00,0.00,5.83,1.67
0.00,0.00,0.00,9.60,0.00,0.00,0.00,3.60
0.00,0.00,0.00,5.00,0.00,0.00,2.50,5.50
0.00,0.00,6.15,0.00,0.00,8.85,0.00,2.31
0.00,6.58,5.26,0.00,0.00,0.00,0.00,6.84
0.00,6.43,0.00,0.00,0.00,0.00,0.00,0.48
0.00,0.00,0.00,0.00,0.00,0.00,0.00,6.41
6.92,0.00,0.00,0.00,0.00,0.00,0.00,2.31
0.00,0.00,0.00,0.00,0.00,0.00,0.00,2.35
0.00,3.48,0.00,0.00,0.00,7.83,0.00,5.22
5.56,0.00,0.00,0.00,2.22,10.00,0.00,4.81
0.00,0.00,0.00,0.00,0.00,5.81,0.00,5.16
0.00,0.00,0.00,0.00,0.00,0.00,0.00,1.46
0.00,1.61,0.00,0.00,0.00,0.00,0.00,6.45
0.00,0.00,3.33,0.00,0.00,0.00,0.00,1.85
0.00,1.05,0.00,1.84,0.00,0.00,0.00,3.42
0.00,0.00,0.00,0.00,0.00,0.00,7.94,5.59
0.00,0.00,0.00,4.67,0.00,0.00,6.67,6.67
0.00,0.53,0.00,0.00,5.26,2.89,0.00,8.16
6.60,5.96,4.26,0.00,0.00,0.00,0.00,0.21
0.00,0.00,0.00,0.00,0.00,0.00,0.00,4.00
0.00,0.00,0.00,6.21,0.00,0.00,0.00,9.31
0.00,4.87,4.62,0.00,0.00,0.00,0.00,0.77
0.00,0.00,0.00,0.00,0.00,7.78,1.67,8.33
5.33,0.00,0.00,0.00,7.67,0.00,0.00,0.33
0.00,7.83,0.00,0.00,0.00,5.22,0.00,5.22
0.00,0.00,6.59,0.00,0.00,0.00,0.00,3.90
0.00,0.00,5.48,0.00,0.00,0.00,2.26,7.42
0.00,0.00,0.00,0.00,5.94,0.00,8.12,5.00
0.00,0.00,0.00,0.00,0.00,0.00,0.00,5.71
0.00,3.33,0.00,0.00,0.00,5.64,5.38,1.54
0.73,0.00,0.00,0.00,10.00,0.00,0.00,1.45
0.00,3.47,0.00,0.00,0.00,1.84,0.00,3.47
0.00,1.14,0.00,0.00,0.00,0.00,0.00,2.86
0.00,0.00,0.26,7.37,0.00,0.00,1.84,1.58
0.00,0.00,0.00,0.00,3.24,0.00,0.00,2.94
0.00,0.00,0.00,0.00,3.10,0.00,4.52,2.38
0.00,0.00,2.22,0.00,0.00,6.00,0.00,3.33
6.55,0.00,0.00,0.00,0.00,5.52,0.00,5.86
0.00,0.00,3.10,0.00,0.00,0.00,4.48,10.00
2.86,0.00,0.00,0.00,0.00,2.50,0.00,6.43
5.58,0.00,0.00,0.23,0.00,0.00,0.00,5.81
0.00,0.00,0.00,3.51,2.16,0.00,0.00,6.76
0.00,0.00,0.00,0.00,0.00,3.93,2.14,7.86
2.73,0.00,0.00,0.00,0.00,0.00,0.00,9.09
8.91,0.00,0.00,0.00,0.22,0.00,0.00,3.26
0.00,0.00,0.00,4.65,0.00,0.00,3.26,5.81
0.00,0.00,0.00,0.00,0.00,0.00,0.00,8.33
0.00,0.00,0.00,0.00,0.00,0.00,0.00,10.00
0.00,3.33,8.04,2.55,3.73,0.00,0.00,6.86
0.00,1.94,0.00,0.00,10.00,0.00,10.00,6.67
1.75,5.75,0.00,0.00,0.00,0.00,5.50,7.25
0.00,0.00,0.00,0.00,0.00,0.00,5.00,0.59
0.00,0.00,0.00,1.62,3.51,0.00,1.08,5.14
0.00,3.55,0.00,0.00,0.00,0.97,0.00,6.45
0.00,0.38,0.00,0.00,5.38,0.00,0.00,5.00
0.00,5.76,0.00,0.00,0.30,0.00,0.00,6.06
0.00,0.00,7.63,5.26,0.00,0.00,0.00,0.26
6.57,0.00,0.00,0.00,0.00,0.00,0.00,3.71
0.00,1.08,0.00,0.00,0.00,0.00,0.00,7.57
0.00,0.00,0.00,0.00,0.00,3.95,4.74,3.16
0.00,0.00,1.11,0.00,0.00,0.00,0.00,1.39
0.00,0.00,0.00,0.00,10.00,3.10,0.00,5.17
4.00,0.00,8.50,0.00,4.00,0.00,2.00,1.00
0.00,0.00,0.00,0.00,0.00,0.00,0.00,4.48
0.29,0.00,0.00,7.06,0.00,5.29,0.00,10.00
0.00,0.00,3.12,0.00,0.00,10.00,7.50,2.50
0.00,0.00,0.00,0.00,0.00,2.86,10.00,3.21
0.00,1.39,0.00,0.00,0.00,0.00,0.00,0.56
0.00,0.00,0.00,1.07,0.00,0.00,10.00,3.21
10.00,0.00,3.64,0.00,0.00,5.15,2.12,1.82
0.00,0.00,0.00,0.00,0.00,6.59,0.00,5.23
0.00,0.00,0.00,0.00,0.83,0.00,0.00,6.67
0.00,0.00,6.89,0.00,0.00,0.00,0.00,2.00
0.00,0.00,0.49,0.00,9.02,0.00,3.41,5.61
0.00,6.67,0.00,0.00,0.00,0.00,0.00,0.83
0.00,2.65,0.00,0.00,1.47,0.00,0.00,5.88
0.00,0.00,0.00,0.00,0.00,0.00,0.00,7.81
0.00,0.00,2.86,0.00,0.00,0.00,3.21,6.43
4.86,0.00,0.00,0.00,4.29,0.00,0.00,0.86
0.00,0.26,0.00,2.82,0.00,0.00,1.03,7.95
0.00,0.00,0.00,4.53,0.00,0.00,0.00,2.64
0.00,5.17,2.76,0.00,0.00,0.00,0.00,3.79
0.00,0.00,2.75,0.00,0.00,0.00,0.00,1.00
0.00,0.00,0.00,0.00,0.00,0.00,0.00,5.56
5.64,0.00,1.79,0.00,0.00,0.00,0.00,2.56
0.00,0.51,0.00,4.36,0.00,0.00,0.00,2.05
0.00,0.00,3.00,0.00,0.00,0.00,0.00,4.00
0.00,0.00,0.00,0.00,0.00,0.00,0.00,5.92
0.00,0.00,0.00,7.50,0.00,0.00,0.00,1.56
6.43,0.00,0.00,0.00,0.00,0.00,0.00,5.71
0.00,0.00,0.00,0.00,2.93,5.37,0.00,2.68
5.56,0.00,0.00,1.67,0.00,10.00,0.00,2.41
0.00,6.86,0.00,0.57,0.00,0.00,0.00,10.00
0.00,0.00,0.00,0.00,0.00,0.00,0.87,7.61
0.00,0.00,0.00,0.00,0.00,5.59,0.00,9.71
5.00,0.00,4.41,0.00,0.00,0.00,1.76,2.06
0.00,5.68,0.00,0.00,0.00,1.82,0.00,10.00
0.00,0.00,0.00,0.00,0.00,8.00,0.00,5.71
0.00,0.00,0.00,7.94,4.71,4.12,0.00,3.82
0.00,1.05,0.00,0.79,0.00,0.00,0.00,5.79
0.00,0.00,0.00,0.00,0.00,0.00,4.21,5.00
2.05,0.00,2.31,0.00,0.00,0.00,0.00,4.10
5.00,0.00,0.00,0.00,0.00,1.88,0.00,3.75
10.00,2.70,0.00,1.89,0.00,6.49,0.00,1.08
2.31,0.00,0.00,0.00,5.90,0.77,0.00,5.13
3.45,0.00,5.17,2.41,0.00,0.00,2.76,3.10
5.19,1.48,2.59,0.00,0.00,10.00,0.00,6.30
0.00,0.00,0.00,0.00,0.00,4.67,0.00,0.67
0.00,2.90,2.90,0.00,0.00,0.00,0.00,2.90
0.00,2.29,0.00,0.00,4.57,0.00,0.00,10.00
5.78,0.00,0.00,0.00,0.00,0.00,0.00,1.33
0.00,0.00,0.00,0.00,0.00,0.00,0.00,6.47
0.79,0.00,8.95,10.00,0.00,0.00,0.00,2.89
0.00,0.00,4.00,2.80,0.00,0.00,2.40,3.20
0.00,0.00,0.00,0.00,0.00,0.00,0.00,1.25
5.50,0.00,0.00,0.00,0.00,2.25,0.00,0.75
0.00,0.00,0.00,0.00,0.00,2.16,8.65,4.05
0.00,0.00,0.00,0.00,0.00,0.00,0.00,2.79
0.00,5.20,0.00,0.00,0.00,0.00,1.20,6.20
0.00,0.26,2.05,0.00,0.00,0.00,0.00,2.82
0.00,0.00,1.71,0.00,0.00,0.00,0.00,10.00
0.00,0.00,0.00,0.00,0.00,6.53,4.08,6.53
0.00,0.00,0.00,4.76,0.00,0.00,0.00,0.24
0.00,0.00,0.00,0.00,0.00,0.00,0.00,5.37
0.00,0.00,0.00,0.00,0.00,0.00,4.50,6.00
0.00,4.48,0.00,0.00,0.00,0.00,2.07,2.76
4.12,4.12,0.00,0.00,0.00,0.00,0.00,5.29
0.00,4.10,0.00,0.00,0.00,0.00,0.00,8.97
0.00,8.75,0.00,0.00,0.00,0.00,5.00,2.50
0.00,0.00,0.00,0.00,0.00,0.00,0.00,6.13
0.00,0.00,0.00,0.00,0.00,3.68,0.00,3.68
0.00,0.00,0.00,5.81,10.00,0.00,0.97,2.58
6.05,0.00,0.00,0.00,0.00,0.00,9.74,1.58
0.00,0.00,0.00,0.00,4.47,0.00,0.00,1.70
0.00,0.00,3.00,0.00,2.25,1.50,0.00,3.00
0.00,0.00,3.03,0.00,5.15,0.00,0.00,1.52
0.00,0.00,0.00,2.57,0.00,0.00,0.00,6.57
0.00,2.89,0.00,1.05,0.00,0.00,0.00,10.00
2.89,0.00,0.00,0.00,0.00,0.00,0.00,3.11
0.00,0.00,0.00,0.00,0.00,0.00,0.00,2.67
0.00,0.00,5.86,0.00,0.00,0.00,0.00,5.52
0.00,0.00,0.00,0.00,6.44,0.00,0.00,1.11
0.00,0.00,0.00,0.00,8.92,0.00,0.81,0.27
0.00,0.00,0.00,8.92,1.35,0.00,0.00,1.08
0.00,0.00,0.00,0.00,0.00,0.00,0.00,1.03
2.20,0.00,0.00,0.00,0.00,0.00,0.00,4.63
0.00,0.00,4.81,0.00,0.00,0.00,0.00,4.07
0.00,0.00,0.00,0.00,0.00,0.00,0.00,10.00
0.00,0.00,0.00,0.00,0.00,0.00,0.00,2.97
0.00,0.00,0.00,0.00,8.00,0.00,9.67,5.67
1.40,0.00,0.00,0.00,0.00,0.00,0.00,5.81
3.24,0.00,0.00,0.00,0.00,0.00,0.00,5.88
0.00,0.00,0.00,0.00,0.00,0.00,0.00,9.00
0.00,0.00,2.86,10.00,0.00,0.00,5.43,2.86
0.00,5.28,0.00,6.11,6.39,0.00,0.00,6.39
0.00,0.00,3.49,2.56,0.00,0.00,0.00,4.88
0.23,0.00,0.00,10.00,2.09,0.00,5.58,4.19
0.00,5.00,0.00,3.12,0.00,0.00,0.00,10.00
0.00,0.00,0.00,0.00,1.56,0.00,0.00,3.75
0.00,0.00,0.00,0.00,0.00,2.65,0.00,2.35
0.00,0.00,0.00,0.00,0.00,0.23,0.00,3.64
0.00,0.00,5.79,2.89,2.89,0.00,0.00,0.79
0.00,0.00,0.00,0.00,0.00,0.00,2.00,6.44
0.00,8.78,9.51,5.12,0.00,0.00,0.00,4.63
2.58,10.00,0.00,0.00,2.26,0.00,0.00,6.77
0.00,0.00,6.84,0.00,5.26,0.00,0.00,5.00
0.00,0.00,0.23,0.00,0.00,0.00,5.45,1.36
0.00,0.00,0.00,5.12,0.00,0.00,0.00,7.91
0.00,0.00,9.00,0.00,0.00,0.00,0.00,1.75
0.00,0.00,0.00,10.00,0.00,0.00,0.00,1.54
5.43,0.00,0.86,0.00,0.00,0.00,0.00,4.57
0.00,0.00,0.00,0.65,8.04,3.26,0.00,9.57
0.00,0.00,0.00,0.00,0.00,0.00,6.58,2.89
0.00,0.00,0.00,0.00,0.00,0.00,0.00,4.44
4.86,0.00,5.41,2.97,0.00,4.86,0.00,1.08
0.00,3.25,0.00,0.00,0.00,0.00,0.00,6.50
9.73,0.00,0.00,3.51,0.00,0.00,0.00,3.24
0.00,0.00,0.00,5.64,6.15,0.00,4.62,6.41
0.00,0.00,0.00,0.00,0.00,6.56,0.00,2.81
0.00,0.00,0.00,0.00,0.00,0.00,0.00,1.84
0.00,0.00,4.25,0.00,0.00,0.00,0.00,5.50
0.00,0.00,0.00,4.47,0.00,0.00,0.00,6.17
0.00,0.00,0.00,1.09,0.00,0.00,6.96,3.48
0.00,0.00,0.00,0.00,0.00,10.00,1.43,4.57
8.48,0.00,3.03,0.00,0.00,0.00,0.00,4.24
3.75,0.00,0.00,3.75,0.00,0.00,6.56,7.19
0.00,0.00,1.19,0.00,0.24,0.00,0.48,10.00
0.00,0.00,0.00,6.40,0.00,0.00,0.00,4.00
4.36,0.00,0.00,0.00,0.00,0.00,1.54,3.85
10.00,0.00,0.00,0.00,0.00,0.00,3.42,6.58
0.00,0.00,0.00,0.00,0.00,0.00,0.00,6.36
0.00,0.00,0.00,2.73,6.36,0.00,0.00,3.64
0.00,0.00,0.00,8.46,0.00,4.62,0.00,4.36
5.53,0.00,0.00,0.00,0.00,3.95,0.00,5.53
0.00,0.00,0.00,5.00,0.00,0.00,5.00,1.76
0.00,9.72,0.00,1.11,0.00,0.00,0.00,10.00
0.00,0.00,0.00,0.00,0.00,0.00,0.00,3.57
0.00,0.00,0.00,3.94,0.00,0.00,0.00,9.39
0.00,0.00,0.00,7.63,2.89,0.00,0.00,3.16
0.00,0.00,0.00,0.00,0.00,4.86,10.00,5.43
0.00,0.00,3.02,0.00,0.00,0.00,0.00,1.40
3.61,0.00,0.00,0.00,0.00,0.00,0.00,3.89
0.00,0.00,0.00,1.88,0.00,6.46,0.00,1.04
0.00,0.00,0.00,0.00,0.00,0.00,0.00,10.00
0.00,0.00,2.33,0.00,0.00,0.00,6.28,2.56
0.00,0.00,0.00,0.00,8.24,0.00,4.12,4.12
0.00,0.00,0.00,0.00,7.37,0.00,1.84,1.32
0.00,0.00,0.00,0.00,0.00,0.00,2.94,5.29
0.00,0.00,0.00,0.00,0.00,0.00,0.00,2.20
0.00,0.00,9.05,0.00,0.00,0.00,0.00,4.76
0.00,0.00,0.00,5.56,1.67,0.00,10.00,3.06
7.25,0.00,0.00,0.00,7.25,0.00,0.00,3.00
0.00,0.00,0.00,0.00,0.00,0.00,0.00,3.16
0.00,1.36,0.00,0.00,3.86,0.45,7.95,8.41
0.00,0.00,0.00,1.60,0.00,0.00,0.00,5.60
0.00,0.00,6.11,6.39,0.00,0.00,2.78,5.28
1.84,1.05,0.00,0.00,8.68,0.00,0.00,0.53
0.00,0.00,0.00,2.05,10.00,6.41,0.00,2.05
0.00,0.00,0.00,2.63,0.00,10.00,0.00,7.11
0.00,3.11,0.00,0.00,9.33,0.00,0.00,5.33
4.71,0.00,0.00,0.00,0.00,0.00,0.00,2.65
0.00,0.00,0.00,0.00,0.00,0.00,0.00,1.28
0.00,0.00,0.00,9.74,0.00,0.00,1.32,1.84
0.00,0.00,5.14,2.43,0.00,0.00,0.00,5.68
0.00,0.00,0.00,0.00,0.00,0.00,0.00,6.12
0.00,6.00,0.00,0.00,0.00,0.00,0.00,2.50
0.00,5.83,0.00,0.00,4.44,0.00,2.50,8.89
0.00,0.00,0.00,0.00,0.00,0.00,3.24,8.38
0.00,0.00,0.00,0.00,8.67,5.00,3.00,3.67
0.00,0.00,0.00,4.00,0.00,6.67,0.00,1.00
0.00,4.55,7.95,0.00,0.00,5.91,1.82,10.00
0.00,0.00,0.00,2.59,0.00,0.00,0.00,2.59
0.00,0.00,1.84,1.05,0.00,0.00,0.00,3.16
0.00,0.00,0.00,0.00,0.00,0.00,0.00,3.00
2.65,1.18,0.00,0.00,0.00,0.00,0.00,7.94
0.00,0.00,1.61,0.00,0.00,0.00,4.84,1.29
0.00,0.00,0.00,0.00,0.00,0.00,0.00,1.43
0.00,0.00,0.00,0.00,0.00,3.50,0.00,0.25
0.00,0.00,0.00,7.00,0.33,0.00,0.00,6.67
0.00,8.33,0.00,0.00,0.00,0.28,0.00,6.67
0.00,0.00,9.21,3.16,0.00,0.00,0.00,1.05
0.00,0.00,0.00,0.00,2.90,0.00,0.00,3.55
0.93,0.00,0.00,0.00,0.00,0.00,0.00,4.42
0.00,3.64,0.00,8.18,0.00,0.00,0.00,2.73
0.00,2.05,2.05,0.00,0.00,0.00,4.77,1.82
0.00,0.00,0.00,6.77,0.00,4.19,0.00,9.35
0.00,0.00,4.62,5.38,0.00,0.00,0.00,3.46
0.00,0.00,2.86,0.00,0.00,0.00,0.00,10.00
0.00,0.00,0.00,0.00,0.00,0.00,0.00,5.00
0.00,0.00,0.00,0.00,0.00,0.00,0.00,2.19
0.00,0.00,0.00,0.00,0.00,0.00,0.00,0.91
0.00,0.00,1.16,0.00,2.33,0.00,5.58,4.42
0.00,0.00,0.00,0.00,0.00,0.00,0.00,4.62
0.00,0.00,9.29,0.00,0.00,0.00,0.00,2.50
0.00,0.00,7.11,2.63,0.00,0.00,0.00,5.26
5.38,0.00,0.00,0.00,0.00,0.00,0.00,6.54
8.65,0.00,0.00,0.00,4.59,0.00,0.54,5.41
5.69,0.00,0.00,5.29,4.71,0.00,0.00,9.22
0.00,9.19,0.00,0.00,0.00,1.62,0.00,2.97
0.00,0.00,0.00,0.00,0.00,0.00,3.66,3.41
0.00,0.00,0.00,6.56,5.00,0.00,0.00,4.69
0.00,0.00,0.00,0.00,6.06,3.94,0.00,0.61
5.91,0.00,0.00,0.00,0.00,0.00,2.73,0.45
0.00,1.15,0.00,5.00,0.00,0.00,0.00,6.92
0.00,0.00,0.00,0.00,0.00,0.00,0.68,7.27
0.00,4.72,0.00,0.00,0.00,5.28,0.00,10.00
0.00,0.00,0.00,0.00,5.14,0.00,0.81,8.38
0.00,0.00,0.00,2.44,0.00,0.00,0.00,4.00
0.00,0.00,0.00,0.00,0.00,5.38,0.00,0.51
1.88,0.00,5.21,5.83,0.00,0.00,0.00,7.71
0.00,0.00,0.00,0.00,0.00,3.33,0.00,9.23
0.00,0.00,0.00,8.65,0.00,0.00,0.00,1.89
0.00,0.00,0.00,0.00,5.62,0.00,0.00,1.56
0.00,2.31,0.00,0.00,0.00,3.85,0.00,3.85
0.00,0.00,0.00,0.00,0.00,4.44,0.00,1.48
0.00,0.00,0.00,0.00,0.00,0.00,7.86,6.79
0.00,0.00,0.00,0.00,0.00,0.00,0.00,4.69
0.00,1.19,0.00,0.00,10.00,5.48,0.00,1.43
0.00,0.00,1.18,0.00,0.00,3.82,3.53,2.94
0.00,0.00,5.60,0.00,0.00,0.00,0.00,1.60
0.25,0.00,0.00,4.00,0.00,6.25,0.00,10.00
7.29,5.00,0.00,0.00,0.00,0.00,0.00,3.12
0.00,0.00,10.00,5.16,0.00,0.00,0.00,1.29
0.00,0.00,0.00,0.00,0.81,2.97,6.49,0.27
0.00,2.81,0.00,0.00,0.00,0.00,10.00,4.06
0.00,3.95,0.00,3.68,0.00,0.00,0.00,7.63
0.00,0.00,0.00,5.00,0.00,0.00,0.00,5.71
0.00,1.40,0.00,4.65,0.00,0.00,0.00,9.30
0.00,0.00,0.00,6.00,1.50,0.00,0.00,2.50
0.00,0.00,0.00,0.00,3.71,3.43,0.00,7.71
3.06,4.72,0.00,0.00,0.00,0.00,0.00,10.00
0.00,0.00,0.00,0.00,0.00,0.00,0.00,2.31
0.00,0.00,0.00,0.00,0.00,0.00,0.00,3.96
0.00,0.00,0.00,0.00,9.29,0.00,0.00,1.43
0.00,1.60,7.20,5.20,0.00,0.00,0.00,2.80
0.00,0.00,0.00,0.00,0.00,4.85,3.33,8.79
8.75,0.00,0.00,0.00,0.00,4.06,2.81,4.38
3.64,0.00,0.00,0.00,0.00,0.00,0.00,2.73
0.00,3.53,0.00,0.00,0.00,4.41,0.00,1.47
0.00,0.00,1.00,9.75,0.00,0.00,3.25,6.00
0.00,3.33,3.70,0.00,0.00,0.00,0.00,6.67
0.00,2.06,3.24,0.00,0.88,0.00,0.00,2.65
1.89,6.49,0.00,0.00,0.00,3.24,0.00,4.86
0.00,0.00,0.00,0.00,5.56,0.00,0.00,8.61
0.00,0.00,0.00,0.00,0.00,0.00,6.86,0.86
0.00,0.00,6.25,0.00,5.00,0.00,0.00,0.62
0.00,0.00,1.83,0.00,0.00,0.00,0.00,4.33
0.00,0.00,0.00,2.16,0.00,0.00,0.00,5.95
0.00,4.89,0.00,0.00,0.00,0.00,0.00,5.33
0.00,0.34,6.55,0.00,0.00,0.00,0.00,7.59
0.00,0.00,0.00,0.00,5.52,0.00,1.03,3.79
1.33,0.00,0.00,0.00,0.00,2.67,0.00,3.33
1.43,0.00,0.00,0.00,0.00,0.00,4.86,5.14
5.00,10.00,3.86,0.00,0.00,0.00,0.00,7.50
0.00,0.00,4.38,0.00,0.00,4.06,0.00,1.88
0.00,0.00,0.00,0.00,0.00,0.00,1.67,6.25
2.75,0.00,0.00,0.00,0.75,0.00,0.00,5.00
0.00,0.00,10.00,9.43,0.00,0.00,1.43,5.14
0.00,9.39,0.00,0.00,0.00,2.73,0.00,0.61
0.00,0.00,0.00,0.00,0.00,7.80,0.00,7.80
0.00,0.00,0.00,0.00,0.00,0.00,0.00,10.00
0.00,0.00,7.14,0.00,0.00,0.00,0.00,5.36
0.00,0.00,0.00,0.00,0.00,0.00,0.00,6.21
0.00,7.78,1.94,0.00,4.17,0.00,0.00,4.44
0.00,0.00,0.00,3.61,0.00,3.89,0.00,3.89
0.00,0.00,0.00,0.00,0.00,0.00,0.00,2.07
7.71,4.29,4.29,10.00,0.00,0.00,0.00,2.57
0.00,0.00,0.00,0.00,5.71,10.00,0.00,0.57
3.87,0.00,0.00,3.87,0.00,0.00,0.00,1.61
0.00,7.91,0.00,0.00,5.58,3.72,0.00,9.53
0.00,0.00,0.00,0.00,0.00,0.00,5.43,2.86
0.00,0.00,0.00,0.00,0.00,5.79,0.00,5.26
0.62,1.67,0.00,0.00,6.25,0.00,5.42,8.75
0.00,0.00,0.00,3.33,3.08,0.00,0.00,4.10
6.43,0.00,0.00,0.00,0.00,0.00,0.00,2.14
0.00,0.00,0.00,0.00,0.00,0.00,0.00,4.06
0.00,0.00,0.00,3.33,0.00,0.00,0.00,4.00
0.00,0.00,0.00,0.00,0.00,0.00,0.00,2.11
5.00,0.00,0.00,0.00,0.00,0.00,0.00,4.80
0.00,2.89,0.00,0.00,0.00,0.79,0.00,7.63
0.00,0.00,2.00,0.00,0.00,0.00,0.00,5.75
0.00,0.00,0.00,0.00,0.00,0.00,0.00,5.68
0.00,0.00,0.00,0.00,9.21,0.00,0.00,3.68
0.00,0.00,0.00,0.00,0.00,0.00,0.00,4.44
0.00,2.78,0.00,0.00,0.00,0.00,0.00,5.83
0.00,9.14,1.14,5.14,9.14,1.14,0.00,4.29
0.00,3.24,0.00,0.00,0.00,0.00,7.84,2.43
0.00,0.00,0.00,0.00,0.00,0.00,0.00,6.49
5.68,3.86,0.00,0.00,5.45,0.00,0.00,8.64
4.00,0.00,0.00,0.00,0.00,0.00,0.00,10.00
0.00,0.00,7.57,0.00,0.00,0.00,6.22,1.35
0.00,4.68,3.62,4.04,0.00,0.00,0.00,6.38
0.00,0.00,0.00,3.06,0.00,0.00,0.00,5.56
0.00,0.00,0.00,0.00,1.08,0.00,0.00,4.05
4.07,0.00,0.00,0.00,0.00,0.00,0.00,0.37
5.43,0.00,0.00,0.00,0.00,2.57,0.00,4.29
0.00,5.71,0.00,0.00,0.00,0.00,0.00,2.86
0.00,0.00,1.67,0.00,0.00,7.29,0.00,5.62
0.00,0.00,0.33,0.00,1.33,0.00,0.00,3.00
0.00,8.67,0.00,1.11,0.00,0.00,0.00,3.33
0.00,0.00,4.57,0.00,0.00,0.00,0.00,1.14
0.00,0.00,2.56,0.00,0.00,0.00,6.51,3.02
0.00,0.00,0.00,0.00,0.00,0.00,0.00,4.59
0.00,0.00,0.00,3.81,0.00,0.00,0.00,8.81
7.38,0.00,0.00,0.00,7.14,0.00,0.00,2.62
9.21,0.00,0.00,0.00,0.00,0.00,5.00,5.26
0.00,7.41,0.00,0.00,0.00,0.00,2.96,0.37
0.68,0.00,0.00,1.59,1.36,0.00,7.50,4.09
4.44,0.00,0.00,0.44,0.00,0.00,3.33,9.78
4.52,4.84,0.00,0.00,0.00,4.19,0.00,1.29
0.00,0.00,6.59,8.78,0.00,3.66,0.00,2.68
0.00,0.00,0.00,0.00,0.00,4.50,0.00,6.50
6.09,0.00,0.00,0.00,0.00,0.00,0.00,3.04
4.35,0.00,0.00,0.00,0.00,0.00,0.00,4.13
4.25,0.00,0.00,0.00,1.00,6.00,0.00,6.50
0.00,0.00,0.97,1.94,6.77,0.00,0.00,3.87
6.56,0.00,5.31,0.00,0.00,0.00,0.00,0.62
0.00,0.00,4.71,5.88,0.00,0.00,0.00,3.24
0.00,0.00,0.00,0.00,0.00,0.00,0.00,6.57
1.61,0.00,0.00,0.00,0.00,0.00,5.16,5.16
0.00,5.15,0.00,0.00,0.30,0.00,0.00,1.21
0.00,0.00,6.57,0.00,0.00,3.14,0.00,2.86
0.00,0.00,0.00,0.00,0.00,0.00,3.24,2.94
0.00,0.00,0.00,1.51,7.55,0.00,10.00,1.51
0.00,6.25,0.00,0.00,0.00,0.00,0.00,5.21
0.00,0.00,0.00,0.00,0.00,0.00,0.00,3.19
0.00,7.12,0.00,0.00,2.50,0.00,0.00,5.58
0.00,0.00,0.00,5.67,0.00,0.00,0.00,0.67
1.21,0.61,0.00,0.00,0.00,0.00,0.00,4.55
0.00,0.00,4.59,0.00,0.54,3.51,0.00,6.49
0.00,6.39,0.00,0.00,0.00,0.00,0.00,4.72
3.33,0.00,0.00,0.00,0.00,6.15,0.00,7.18
3.78,2.97,0.00,2.43,1.08,0.00,0.00,1.89
0.00,0.00,0.00,4.11,0.00,10.00,0.00,1.96
0.00,0.00,0.00,0.00,5.19,0.00,0.00,7.59
0.00,0.00,0.00,9.46,0.00,1.62,0.27,6.49
0.00,0.38,0.00,5.38,0.00,6.15,0.00,6.92
2.37,0.00,0.00,0.00,0.00,4.74,0.00,6.84
0.00,0.00,5.56,0.00,0.00,0.00,4.44,9.11
2.86,10.00,0.00,8.00,0.86,0.00,1.71,1.14
0.00,8.18,0.00,0.00,0.00,0.00,0.00,3.18
0.00,0.00,0.00,0.00,0.00,0.00,0.00,9.69
0.00,0.00,0.00,0.00,4.57,0.00,0.00,5.14
0.00,0.00,0.00,4.21,0.00,1.32,0.00,6.58
0.00,0.00,0.00,0.00,0.00,0.00,0.00,4.23
0.00,0.00,0.00,0.00,0.00,0.00,0.00,3.82
0.00,6.77,5.81,0.00,0.00,0.65,0.00,4.52
0.00,0.00,0.00,0.81,6.49,0.00,0.00,5.68
0.00,0.00,0.00,0.00,5.13,5.38,0.00,0.51
2.79,0.00,0.00,2.09,0.00,0.00,0.00,9.30
7.10,0.00,0.00,0.00,0.00,0.00,0.00,1.29
0.00,8.61,0.00,0.00,0.00,0.00,0.28,0.28
0.00,0.00,5.56,0.00,0.00,0.00,0.00,1.39
0.00,0.00,0.00,8.52,0.00,0.00,6.67,6.67
0.00,2.81,0.00,0.00,4.06,0.00,0.00,6.56
0.00,0.00,0.00,0.00,0.00,0.00,0.00,3.81
0.00,0.00,0.00,0.00,0.00,6.50,0.75,10.00
0.00,0.00,0.00,0.00,0.00,0.00,0.00,3.33
0.00,0.00,1.94,0.00,0.00,0.00,0.00,7.50
0.00,3.16,0.00,0.00,0.00,8.68,0.53,1.84
3.18,0.00,5.45,0.00,0.00,3.41,0.00,10.00
0.00,0.00,0.00,1.90,0.00,0.00,0.95,9.29
0.00,0.00,0.00,0.00,0.00,1.58,0.00,6.58
0.00,10.00,2.92,5.00,1.67,9.58,0.00,2.08
10.00,0.00,0.00,0.00,0.00,0.00,0.00,2.26
0.00,0.00,0.00,5.90,7.18,0.00,5.38,1.54
0.00,10.00,0.00,0.00,0.00,4.86,0.00,1.71
0.00,0.00,0.00,6.32,0.00,0.00,10.00,4.21
0.00,6.05,0.00,0.00,0.00,6.58,0.00,1.05
0.00,0.00,0.00,0.00,0.00,0.00,0.00,1.35
3.08,0.00,0.00,0.00,0.00,0.77,0.00,8.08
0.00,6.67,0.00,0.00,0.00,0.00,0.00,1.39
0.00,0.00,0.00,0.00,0.00,0.00,0.00,0.83
4.20,0.00,6.80,0.00,0.00,0.00,0.00,6.20
0.00,0.00,1.76,0.00,0.00,0.00,4.41,8.53
6.84,0.00,0.00,3.42,0.00,0.00,5.26,9.21
0.00,0.00,0.00,5.56,0.00,0.00,0.00,2.22
0.00,0.00,0.00,0.00,0.00,0.00,0.00,2.38
0.00,7.50,0.00,0.00,0.00,0.00,6.75,5.50
2.73,0.00,0.00,0.00,0.00,0.00,0.00,4.09
0.00,4.39,0.00,6.59,0.00,0.00,0.00,1.95
6.55,0.00,0.00,0.00,0.00,0.00,0.00,6.21
0.00,10.00,0.00,0.00,10.00,0.81,0.00,2.16
0.00,1.11,4.44,0.00,0.00,0.00,0.00,9.17
0.00,0.00,2.86,0.00,0.00,0.00,0.00,2.00
0.00,0.00,0.00,0.00,0.00,1.28,6.60,1.28
0.00,0.00,0.00,9.76,0.00,1.67,0.00,1.43
5.38,0.00,0.00,0.00,0.00,0.00,0.00,1.79
2.56,7.44,0.00,0.00,0.00,0.00,0.00,0.26
0.00,0.00,1.20,0.00,4.80,0.00,0.00,5.60
0.00,0.00,1.03,0.00,0.00,0.00,6.55,3.79
0.00,0.00,0.00,0.00,0.00,0.00,4.32,8.64
0.00,0.00,0.00,0.00,0.00,0.00,0.00,7.06
0.00,1.89,0.00,5.41,0.00,6.22,0.00,6.49
0.00,0.00,0.00,0.00,0.00,0.00,0.00,3.95
0.00,0.00,2.95,0.00,4.32,0.00,0.00,5.00
0.00,0.00,4.75,0.00,5.75,0.00,0.00,2.00
0.00,0.00,0.00,0.00,0.00,0.00,0.00,1.75
5.83,0.00,0.00,0.00,2.50,3.33,0.42,5.42
0.00,0.00,0.00,0.00,0.00,2.22,0.00,4.17
7.84,0.00,0.00,0.00,0.00,0.00,4.59,2.70
0.00,0.00,0.00,0.00,0.00,0.00,6.39,1.39
3.33,0.00,2.96,4.44,0.00,0.00,0.00,3.33
0.00,0.00,0.42,7.50,0.00,0.00,8.75,3.33
4.86,3.14,0.00,0.00,0.00,4.86,1.43,6.57
0.00,0.00,0.00,0.00,0.00,0.00,3.02,0.23
0.00,0.98,0.00,0.00,5.12,0.00,0.00,3.17
0.00,0.00,0.00,0.00,2.56,0.00,8.72,2.31
0.00,5.60,6.40,0.00,0.00,9.20,4.00,1.60
6.13,0.00,0.00,0.00,4.52,0.00,0.00,5.48
0.00,0.00,0.00,0.00,4.00,2.40,0.00,10.00
0.53,0.00,0.00,0.00,0.00,0.00,0.00,5.00
0.00,0.00,0.00,0.00,3.91,0.00,0.00,3.48
0.00,0.00,4.71,2.06,0.00,0.00,0.00,10.00
0.00,0.00,0.00,0.00,0.00,0.00,4.05,8.10
0.00,0.00,7.43,0.00,0.00,0.00,0.00,1.14
4.32,0.00,0.00,0.00,3.24,0.00,0.00,2.97
0.00,0.00,0.00,0.00,0.00,0.00,0.00,1.32
0.00,0.00,6.77,0.00,0.00,0.00,0.00,1.94
0.00,0.00,0.00,0.00,0.00,0.00,0.00,0.43
1.82,0.00,2.27,0.00,0.00,0.00,9.77,4.77
6.57,0.00,0.00,0.00,0.00,0.00,0.00,3.14
0.00,8.28,0.00,0.00,0.00,0.00,4.48,8.28
0.00,0.00,0.00,0.00,0.00,0.00,0.00,0.73
4.71,0.00,6.18,0.00,0.00,0.00,0.00,3.24
0.00,0.00,0.00,6.25,0.00,2.50,0.00,1.25
0.00,0.00,0.00,0.00,0.00,0.00,0.00,2.14
0.00,0.00,0.00,0.00,0.00,0.00,0.00,4.06
0.00,0.00,0.00,0.00,5.24,0.00,0.00,4.76
10.00,0.00,0.00,4.32,0.00,5.41,0.00,3.24
4.39,0.00,0.00,4.15,0.00,0.00,0.00,2.44
0.00,0.00,0.00,0.00,4.12,0.00,0.00,2.65
0.00,0.00,0.00,0.00,0.00,0.00,0.00,4.19
0.00,0.00,0.00,0.00,0.00,0.00,0.00,5.00
0.00,0.00,0.00,3.79,0.00,0.00,6.55,3.10
4.00,0.00,4.57,5.14,0.29,0.00,4.86,9.14
0.00,0.00,0.00,0.00,0.00,0.00,0.00,6.10
0.00,0.00,0.00,0.00,0.00,1.03,6.21,1.72
0.00,3.16,0.00,0.00,3.16,0.00,0.00,1.84
0.00,0.00,2.07,0.00,0.00,0.00,0.00,4.83
5.28,0.00,0.00,0.00,0.00,0.00,1.67,1.94
0.00,4.88,0.00,0.00,0.00,0.00,3.49,6.98
0.00,0.00,0.00,0.00,0.00,3.16,0.00,5.79
0.00,4.10,10.00,6.67,0.00,4.36,0.00,2.82
0.00,0.00,0.00,3.43,10.00,0.00,0.00,5.43
0.00,2.94,0.00,0.00,0.00,6.18,0.00,1.18
2.11,6.58,6.05,0.00,8.16,0.00,0.00,10.00
0.00,0.00,0.00,0.00,0.00,0.00,0.00,1.61
3.53,5.59,0.00,0.00,0.00,0.00,0.00,2.94
4.00,0.00,0.00,0.00,0.00,0.00,0.00,4.67
0.00,2.61,0.00,0.00,7.39,0.00,0.00,1.30
0.00,0.00,0.00,0.00,0.88,0.00,0.00,0.88
3.95,0.00,0.00,0.00,0.00,0.00,0.00,2.11
0.00,0.00,0.00,0.00,0.00,0.00,0.00,2.79
0.00,0.00,0.00,1.52,1.09,0.00,6.09,5.87
1.43,0.00,0.00,4.52,0.00,5.00,0.00,1.19
0.00,0.00,0.00,0.00,4.14,0.00,0.00,9.31
0.00,0.00,0.00,0.00,0.00,0.00,0.00,8.72
4.36,0.00,0.00,0.00,0.51,0.00,0.00,2.31
0.00,0.00,0.00,0.00,8.71,0.00,0.00,4.84
0.00,0.00,0.00,0.00,0.00,0.00,0.00,3.08
3.53,0.00,10.00,0.00,0.00,0.00,0.00,4.41
3.50,0.00,6.00,0.00,0.00,0.00,0.00,4.75
0.00,0.00,3.21,0.00,7.86,0.00,0.00,7.50
0.00,1.43,0.00,0.00,0.00,0.00,0.00,4.57
6.52,0.00,0.00,0.00,0.00,0.00,0.00,6.09
0.00,4.86,0.00,3.78,7.57,0.00,4.05,2.97
0.00,0.00,0.00,0.00,2.00,5.60,0.00,2.80
0.00,0.00,4.33,0.00,3.00,0.00,5.33,1.00
0.00,0.00,0.00,0.75,0.00,0.00,0.00,6.60
0.00,0.00,0.00,0.00,0.00,0.00,8.68,0.79
0.00,0.00,0.00,4.83,2.07,3.10,0.00,3.79
2.73,0.00,0.00,0.00,3.86,9.55,0.00,2.05
0.00,0.00,1.92,0.38,0.00,0.00,0.00,3.85
0.00,0.00,0.00,0.00,0.00,0.00,0.00,6.67
0.00,0.00,4.09,5.45,0.00,0.00,0.00,3.41
0.00,0.00,0.00,3.57,0.00,6.43,3.81,3.33
0.00,3.64,0.00,0.00,3.33,0.00,0.00,9.70
0.00,0.00,0.00,0.00,5.11,3.40,0.00,3.19
1.03,0.00,4.36,0.00,0.00,0.00,0.00,5.13
0.00,0.00,0.00,0.00,4.25,4.00,0.00,4.50
0.00,0.00,2.92,0.00,0.00,0.00,0.00,3.75
0.00,0.00,0.00,0.00,0.00,0.00,0.00,4.84
0.00,0.00,0.00,3.71,4.29,8.29,0.00,0.57
0.00,0.00,0.00,0.00,0.00,0.00,0.00,1.91
0.00,0.00,0.00,0.00,0.00,5.00,0.00,5.56
0.00,0.00,8.82,0.00,0.00,0.00,2.35,9.41
0.00,3.42,0.00,0.00,7.89,0.00,0.00,5.00
0.00,2.57,0.00,0.00,0.00,0.00,0.00,6.57
0.00,6.60,0.00,0.00,0.00,0.00,0.00,5.60
0.00,0.00,0.00,0.00,0.00,0.00,3.82,3.82
0.00,0.00,0.00,3.56,10.00,0.00,0.00,3.56
0.00,0.00,0.00,0.00,0.00,4.48,6.55,0.34
0.00,0.00,0.00,0.00,0.00,4.29,0.00,0.24
6.58,0.00,6.32,0.00,0.26,0.00,0.00,0.53
0.00,0.00,0.00,0.00,0.00,0.00,0.00,5.56
0.59,0.00,0.00,0.00,0.00,0.00,0.00,6.47
2.68,0.00,6.10,0.00,0.00,0.00,0.00,1.71
0.00,5.29,0.00,5.88,0.00,0.00,0.00,1.76
0.00,0.00,6.49,0.00,0.00,2.16,2.43,9.19
0.00,0.00,4.89,0.00,0.00,0.00,0.00,6.60
0.00,1.95,3.41,0.00,0.00,0.00,0.00,5.61
0.00,0.00,1.33,0.00,4.67,0.00,0.00,8.00
0.00,0.00,0.00,0.00,7.63,3.95,0.00,1.05
0.00,0.48,0.00,0.00,0.00,0.00,0.00,6.90
1.48,0.00,0.00,0.00,0.00,6.30,0.00,10.00
0.00,0.00,0.00,6.90,0.00,0.00,0.00,6.43
2.29,0.00,0.00,0.00,0.00,0.00,0.00,4.29
0.00,0.00,0.00,0.00,0.00,0.00,0.00,8.14
0.00,3.12,0.00,2.50,0.00,0.00,10.00,1.88
0.00,0.00,0.00,0.00,0.00,0.00,0.00,10.00
0.00,0.00,0.00,0.00,0.00,0.00,0.00,5.76
0.00,0.00,0.00,0.00,0.00,0.00,6.97,0.61
0.00,4.36,0.00,5.64,0.00,0.00,0.00,1.28
0.00,0.00,3.87,4.19,0.00,0.00,0.00,4.84
0.00,0.00,0.00,0.73,0.00,0.00,5.12,4.63
0.00,10.00,0.00,0.00,0.00,0.00,0.00,5.45
0.00,0.00,6.58,0.00,0.00,0.00,0.00,6.05
0.94,0.00,0.00,2.81,0.00,0.00,0.00,5.31
4.49,0.00,0.00,0.00,0.00,0.00,1.43,2.65
0.00,0.00,0.00,0.29,0.00,0.00,10.00,0.88
0.00,0.00,0.00,5.00,0.00,0.00,0.00,2.69
0.00,0.00,0.00,0.53,0.00,0.00,0.00,9.21
0.00,0.00,1.30,0.00,0.00,0.00,0.00,0.22
0.00,0.00,5.56,0.00,5.00,0.00,1.39,6.39
0.00,0.00,0.00,0.00,0.00,0.00,0.00,1.58
0.00,0.00,6.49,0.00,0.00,0.00,0.00,2.70
0.00,0.00,0.00,0.00,0.00,0.00,0.00,4.09
0.00,0.00,0.00,3.67,0.00,0.00,0.00,4.67
0.00,0.00,0.00,0.00,0.00,5.41,0.00,4.59
10.00,0.00,0.00,0.00,2.62,0.00,2.38,4.76
0.00,10.00,0.00,0.00,0.00,0.00,3.75,2.75
0.00,0.00,0.00,0.00,7.62,0.00,5.24,0.95
0.00,10.00,0.00,0.00,0.00,0.00,0.00,5.56
0.00,0.00,0.00,6.39,1.39,0.00,0.00,5.83
0.00,0.00,0.00,3.27,0.00,0.00,0.00,1.45
10.00,0.00,0.00,0.51,0.00,0.00,0.00,5.13
0.00,3.67,0.00,0.00,0.00,0.00,0.00,4.49
3.08,0.00,0.00,0.00,0.00,0.00,0.77,8.46
0.00,0.00,7.58,0.00,0.00,0.00,5.76,1.52
0.00,0.00,5.93,0.00,10.00,5.56,0.00,4.07
0.00,0.00,0.00,0.00,0.00,0.00,0.00,2.90
0.00,0.00,0.00,0.00,0.00,0.00,0.00,3.33
0.00,0.00,9.29,0.00,0.00,0.00,0.00,3.93
0.00,0.00,2.73,0.23,0.00,7.05,0.00,5.00
0.00,4.17,0.00,0.00,0.00,1.67,0.00,2.22
0.00,0.00,0.00,8.24,0.00,5.88,0.00,5.29
0.00,0.00,0.00,0.00,7.71,4.86,0.00,3.71
6.44,0.00,0.00,0.00,0.00,0.00,0.00,1.33
0.00,1.56,0.00,6.00,0.00,7.11,2.00,5.56
0.00,0.00,0.00,6.75,2.25,0.00,0.00,1.50
0.00,0.00,0.00,0.00,2.55,0.00,0.00,10.00
5.59,0.00,0.00,0.00,3.24,0.00,1.76,10.00
0.00,0.00,0.00,6.57,0.00,0.00,0.00,4.86
0.00,0.00,0.00,1.25,5.31,5.94,0.00,2.19
0.00,0.00,0.00,6.67,3.33,0.00,0.00,3.70
0.00,0.00,0.00,0.00,0.00,0.00,0.00,3.71
0.00,0.00,5.48,0.00,0.00,0.00,0.00,3.55
0.00,0.00,3.51,0.00,0.00,0.00,0.00,4.86
0.00,0.00,0.00,4.57,0.00,0.00,0.00,4.78
0.00,4.86,10.00,0.00,4.32,0.00,0.00,0.27
7.41,0.00,5.19,0.00,0.00,3.70,0.00,3.70
0.00,0.00,7.58,0.00,0.00,0.00,0.00,9.70
0.00,1.67,0.00,0.00,0.00,0.00,0.00,5.83
6.32,0.00,0.00,0.00,0.53,3.68,0.00,3.95
0.00,0.00,2.50,0.00,0.00,10.00,0.00,1.50
0.00,0.00,0.00,0.00,0.00,0.00,0.00,6.67
0.00,0.00,0.00,10.00,0.00,1.43,0.00,4.86
0.00,0.00,0.00,0.00,0.00,6.00,0.00,0.67
0.00,0.00,2.00,0.00,0.00,0.00,0.00,8.33
0.00,0.00,3.24,10.00,0.00,0.00,6.76,0.29
0.00,1.29,0.32,0.00,0.00,0.00,0.00,8.71
0.00,0.00,0.00,0.00,4.06,0.00,0.00,5.31
0.00,0.00,3.78,0.00,2.97,0.00,0.00,2.70
0.00,4.12,0.29,0.00,0.00,0.00,0.00,9.12
0.00,0.00,3.75,0.00,0.00,0.00,0.00,6.67
0.00,6.00,0.00,0.00,0.29,0.00,0.00,2.29
0.00,0.00,0.00,0.00,0.00,0.00,5.64,4.10
0.00,0.00,0.00,0.00,5.11,0.00,4.44,6.44
0.00,0.00,8.00,0.00,0.00,0.00,4.75,1.75
0.00,0.00,0.00,3.23,6.13,0.00,0.00,6.77
0.00,0.00,0.00,0.00,6.92,0.00,0.00,2.05
3.33,0.00,0.00,0.00,0.00,0.00,3.56,8.89
0.00,0.00,8.65,4.32,0.00,2.43,6.49,6.49
0.00,0.00,0.00,0.00,0.00,0.00,0.00,0.53
0.00,0.56,0.00,5.56,0.00,0.00,0.00,6.39
1.75,0.00,0.00,0.50,7.75,0.00,0.00,3.75
0.00,0.00,0.00,10.00,0.00,0.00,0.00,4.80
8.00,4.29,2.86,0.00,0.00,8.86,2.86,1.43
0.00,0.00,0.00,6.14,5.68,0.00,0.00,2.95
0.00,0.43,0.00,0.00,1.74,0.00,0.00,1.74
0.00,0.00,3.67,0.00,10.00,0.00,4.67,0.33
0.00,4.05,0.00,0.00,0.00,8.33,2.38,1.90
0.00,0.00,2.18,0.00,0.00,0.00,0.00,5.09
0.00,0.00,0.00,0.00,0.00,0.00,0.00,5.14
4.52,0.00,0.00,0.00,0.00,0.00,0.00,3.55
0.00,0.00,0.00,0.00,0.00,0.00,4.87,10.00
0.00,6.29,0.00,0.00,0.00,5.14,0.00,5.43
0.00,0.00,6.00,0.00,0.00,0.00,0.00,2.57
0.00,0.00,5.43,0.00,0.00,0.00,0.00,2.17
0.00,0.00,0.00,0.00,0.00,0.00,0.00,3.24
0.00,0.00,0.00,0.00,4.00,0.00,0.00,9.00
0.00,0.00,0.00,0.00,0.00,0.00,0.00,1.14
0.00,0.00,10.00,0.00,0.00,2.35,2.65,4.41
7.88,0.00,3.03,0.00,0.00,0.00,0.00,4.24
0.00,0.00,0.00,4.24,0.00,0.00,0.00,5.45
0.00,0.00,0.00,0.00,0.00,0.00,0.00,2.56
0.00,0.00,0.00,0.00,0.00,0.00,0.49,4.15
0.00,0.00,0.00,5.62,0.00,1.46,0.00,1.88
0.00,5.90,0.00,0.00,0.00,0.00,0.00,1.79
0.00,0.00,0.00,0.00,0.00,0.20,6.73,6.53
0.00,0.00,7.94,0.00,2.94,0.00,0.00,7.06
0.00,0.00,0.00,10.00,0.00,0.00,0.00,6.94
0.00,0.00,0.00,0.00,0.00,0.00,5.74,2.77
3.02,0.00,2.79,0.00,0.00,0.00,0.00,3.26
0.00,0.00,0.00,0.00,0.00,0.00,0.00,2.16
0.00,0.00,0.00,0.00,0.00,0.00,0.00,0.27
0.00,0.00,0.00,0.00,0.00,8.33,0.00,1.19
3.68,0.00,0.00,0.00,0.00,0.00,0.00,8.68
0.00,0.00,0.00,0.00,0.00,0.00,0.00,0.97
3.72,0.00,0.00,0.00,0.00,0.23,10.00,9.30
0.00,0.00,0.00,0.00,0.00,0.00,0.00,6.57
0.00,0.00,1.84,0.00,0.00,4.74,0.00,7.11
0.00,1.63,0.00,3.72,0.93,0.00,0.00,3.49
0.00,0.00,0.00,0.00,0.00,0.00,0.00,1.71
0.00,5.37,0.00,0.00,0.00,0.00,0.00,4.39
0.00,0.00,0.00,7.65,0.00,1.18,0.00,7.65
0.00,0.00,0.00,0.00,0.00,0.00,0.00,5.45
0.00,0.00,0.00,0.00,0.00,0.00,0.88,1.18
0.00,2.97,0.00,0.00,0.00,0.00,0.00,6.76
2.86,0.00,0.00,0.00,0.00,0.00,1.67,0.95
0.00,0.00,0.00,0.00,0.00,0.00,0.00,6.54
0.00,7.11,0.00,0.00,0.00,0.00,0.00,10.00
0.00,0.00,0.00,0.00,0.00,0.00,0.00,6.41
0.00,0.00,0.00,0.00,0.00,3.43,0.00,10.00
0.00,1.22,0.00,4.63,0.00,0.00,0.00,4.15
0.00,2.00,0.00,3.43,0.00,0.00,0.00,5.14
0.00,0.00,3.59,0.00,0.00,0.00,2.05,6.67
0.00,0.00,5.43,7.43,0.00,0.29,0.00,8.00
0.00,3.44,0.00,0.00,0.00,0.00,3.75,2.81
0.00,0.00,0.00,0.00,6.92,0.00,0.00,5.38
0.00,4.15,0.00,0.00,0.00,0.00,0.00,2.44
0.00,1.08,0.00,0.00,0.00,0.00,1.35,1.89
0.00,0.00,0.00,0.83,0.00,0.00,7.22,6.11
3.00,0.00,0.00,6.00,0.00,0.00,0.00,4.00
0.00,0.00,0.00,0.00,4.60,0.00,0.00,2.40
9.49,0.00,0.00,0.51,1.79,0.00,0.00,6.67
0.00,1.18,0.00,0.00,5.29,0.00,3.82,2.94
1.29,1.61,0.00,0.00,0.00,0.00,0.00,1.61
7.67,0.00,0.00,0.00,0.00,0.00,0.00,1.00
0.00,0.00,2.77,0.00,0.00,0.00,0.00,4.68
0.00,0.00,0.00,3.86,5.45,0.00,0.45,5.91
0.00,0.00,0.00,0.00,0.00,1.95,0.00,4.88
3.46,0.00,0.00,0.00,0.00,0.00,0.00,2.31
0.00,0.00,5.14,0.00,0.00,0.00,0.00,0.81
0.00,0.00,0.00,4.47,0.00,0.00,0.00,10.00
0.00,0.00,0.00,0.00,0.00,1.70,0.00,4.68
2.70,8.11,0.00,0.00,0.00,4.59,0.00,4.86
2.14,2.86,0.00,0.00,0.00,0.00,0.00,4.29
0.00,0.00,0.00,0.00,0.00,0.00,0.00,4.38
0.00,4.00,0.00,0.00,0.00,0.00,0.00,5.43
0.00,6.67,0.00,0.00,0.20,0.00,0.00,2.94
0.00,0.00,0.00,5.15,0.00,0.00,2.42,6.06
0.00,1.36,0.00,0.00,0.00,0.00,0.00,1.36
0.00,0.00,0.00,0.00,1.67,0.00,0.00,7.67
0.00,2.55,0.00,0.00,0.00,0.00,0.00,0.64
0.00,10.00,4.78,0.00,0.00,0.00,0.00,2.61
0.00,0.00,0.00,0.00,0.00,0.00,0.00,8.89
0.00,0.00,0.00,4.19,1.40,0.00,0.00,7.67
8.84,0.00,0.00,0.00,0.00,0.00,0.00,2.56
0.00,0.00,0.00,0.00,0.00,0.00,0.00,3.33
0.00,10.00,0.00,4.15,0.00,0.00,0.00,5.37
0.00,0.00,0.00,0.00,3.94,3.03,0.00,0.30
0.00,0.00,0.00,0.00,0.00,0.49,0.00,7.56
0.00,0.00,0.00,0.00,3.33,0.00,0.00,4.44
0.00,0.00,2.56,0.00,0.00,0.00,0.00,6.41
0.57,0.00,5.14,0.00,0.00,0.00,3.43,3.14
0.00,0.00,0.00,0.00,0.00,2.00,1.56,9.33
0.00,0.00,0.00,6.39,0.00,1.67,0.00,5.83
0.00,0.00,0.00,0.00,0.00,0.00,1.88,1.88
0.00,0.00,0.00,0.00,0.00,0.00,0.00,4.86
0.00,7.00,0.00,0.50,0.00,0.00,0.00,8.50
0.00,0.00,0.00,0.00,0.83,0.00,0.00,9.17
0.00,0.00,0.00,0.00,5.56,0.00,3.56,0.89
4.87,0.00,0.00,0.00,0.00,0.00,0.00,7.69
0.00,3.67,0.00,0.00,0.00,4.29,0.00,0.20
1.58,5.53,0.00,0.00,0.00,5.00,0.00,6.84
0.00,0.00,0.00,0.00,0.00,4.55,0.00,0.61
0.00,4.05,0.00,0.00,0.00,0.00,0.00,6.76
0.00,0.00,0.00,0.00,6.92,0.00,0.00,3.85
0.00,0.00,0.00,0.00,0.00,4.85,0.00,6.36
0.00,0.85,0.00,0.00,0.00,0.00,0.00,6.17
0.00,6.94,0.00,0.00,5.28,0.00,0.00,3.06
0.00,0.00,0.00,0.00,0.00,0.42,7.29,5.00
0.00,0.00,0.00,5.71,0.00,1.79,0.00,6.43
0.00,0.00,0.00,5.62,0.00,1.46,0.00,6.88
3.26,0.00,0.00,5.35,0.00,0.00,0.00,5.12
0.00,6.15,10.00,0.00,0.00,2.56,0.00,3.85
0.00,3.12,0.00,4.38,8.44,0.00,0.00,6.56
0.00,0.00,2.75,0.00,0.00,0.00,6.50,0.75
4.00,0.00,0.00,0.00,0.00,0.00,0.00,6.67
0.00,0.00,0.00,0.00,0.00,4.29,0.00,3.57
2.83,0.00,0.00,0.00,0.00,6.52,0.00,7.61
0.00,0.00,3.43,2.86,0.00,0.00,4.29,4.86
0.00,0.00,0.00,2.86,3.33,0.00,6.43,1.67
0.00,0.00,0.00,0.00,0.00,0.00,3.87,6.45
0.00,0.00,0.00,0.00,3.79,4.83,0.00,1.03
0.00,0.00,0.00,0.00,0.00,0.00,0.00,3.90
0.00,0.00,0.00,0.00,0.00,2.89,0.00,7.11
0.00,0.00,0.00,0.00,0.00,0.00,0.00,10.00
8.39,0.00,7.74,0.00,0.00,3.55,0.00,1.94
0.00,6.06,10.00,0.00,0.00,0.00,0.00,0.61
0.00,3.43,0.00,6.86,0.00,0.00,0.00,2.86
5.52,0.00,0.00,1.03,0.00,0.00,0.00,2.07
0.00,0.00,0.00,0.91,0.00,0.00,0.00,8.48
0.00,3.00,3.33,0.00,0.00,0.00,0.00,10.00
0.00,0.00,0.61,0.00,0.00,0.00,7.76,1.84
0.00,0.00,5.00,0.00,9.33,0.00,1.33,4.33
0.00,1.36,0.00,0.00,0.00,0.00,0.00,7.95
0.00,0.00,0.00,7.06,0.00,0.00,5.29,1.76
5.00,0.00,0.00,0.00,0.00,9.06,0.00,5.31
0.00,0.00,0.00,0.00,4.89,0.00,0.00,10.00
0.00,6.41,0.00,6.41,0.00,0.00,0.00,1.54
0.00,0.00,0.00,6.49,0.00,0.00,3.78,8.38
0.00,0.00,6.56,0.00,0.00,0.00,0.00,2.81
0.00,0.00,0.00,0.00,4.39,0.00,0.00,3.66
0.00,0.00,0.00,0.00,0.00,0.00,4.84,3.87
3.66,0.00,0.00,0.00,0.00,0.00,0.00,3.90
0.00,0.93,0.00,0.00,0.47,10.00,0.00,2.33
0.00,0.00,0.00,3.53,0.00,0.00,0.00,6.18
0.00,0.00,0.00,3.71,0.00,2.57,0.00,10.00
0.00,3.50,6.50,0.00,0.00,9.75,0.00,5.00
0.00,2.59,0.00,0.00,0.00,0.00,0.00,4.44
0.00,1.89,0.00,0.00,0.00,0.00,0.00,4.32
0.00,6.57,6.86,2.00,0.00,0.00,0.00,2.57
1.59,0.00,2.50,0.00,0.00,0.00,0.00,6.82
0.00,2.81,0.00,0.00,0.00,2.81,0.00,4.06
0.00,0.00,3.14,0.00,0.00,6.67,0.00,1.96
0.00,2.07,0.00,0.00,0.00,0.00,7.59,5.86
0.00,0.00,5.90,1.03,0.00,0.00,0.00,6.41
0.00,0.00,4.15,0.00,0.00,3.90,0.00,6.59
0.00,3.78,0.00,0.00,0.00,0.00,0.00,9.56
0.00,2.00,0.00,2.57,0.00,0.00,0.00,10.00
0.00,0.00,6.25,0.00,0.00,0.00,0.00,1.00
0.00,0.00,0.00,0.00,0.00,0.00,0.00,3.75
2.65,0.00,0.00,0.00,0.00,0.00,0.00,10.00
0.00,0.00,0.00,0.00,0.00,0.00,0.00,10.00
0.00,0.00,5.13,0.00,0.00,0.00,0.00,6.67
0.00,0.00,0.00,2.58,0.00,0.00,0.00,2.26
0.00,6.59,0.23,0.00,0.00,0.00,5.45,2.27
0.00,0.00,0.00,2.65,0.00,0.00,0.00,2.35
0.00,5.11,0.00,2.67,0.00,6.44,0.67,9.33
0.00,0.00,0.00,0.00,0.00,0.00,0.00,10.00
0.00,3.24,0.00,0.00,0.00,5.88,0.00,6.47
0.00,0.00,0.00,0.00,0.00,0.00,0.00,3.24
3.86,0.00,0.00,0.00,0.00,0.23,0.00,4.77
4.75,0.00,0.00,0.00,0.00,0.00,0.00,0.75
0.00,0.00,0.00,6.67,0.00,0.00,2.08,3.96
3.46,0.00,2.50,0.00,0.00,0.00,0.00,3.27
7.87,0.00,0.00,0.00,0.00,0.00,0.00,1.91
0.00,1.14,0.00,0.00,0.00,0.00,0.00,9.14
0.00,3.20,0.00,0.00,6.00,0.00,0.00,6.40
0.00,0.00,8.65,1.54,0.00,0.00,0.00,3.08
0.00,0.00,0.00,0.00,0.00,0.00,1.82,8.48
0.00,10.00,2.05,0.00,0.00,4.87,0.00,0.26
3.10,0.00,0.00,0.00,0.00,2.07,0.00,2.76
0.00,0.00,0.41,0.00,0.00,0.00,0.00,6.33
4.57,4.29,0.00,0.00,0.00,0.00,0.00,3.14
0.00,0.00,2.44,0.00,0.00,8.67,0.00,3.56
0.00,0.00,0.00,0.00,3.49,0.00,0.23,6.51
9.43,0.00,0.00,0.00,0.00,0.00,0.00,4.00
3.04,0.00,0.00,4.78,4.78,0.00,10.00,0.43
0.00,0.00,2.75,0.00,0.00,0.00,0.00,7.00
0.00,0.00,0.00,0.00,4.88,5.81,0.00,5.58
0.00,0.00,6.39,0.00,0.00,0.00,3.33,3.89
0.00,0.00,0.00,0.00,0.00,0.00,0.00,6.57
10.00,0.00,0.00,0.00,0.00,0.00,1.85,4.44
0.00,0.91,0.00,0.00,0.00,0.00,0.00,7.50
0.00,0.00,0.00,10.00,0.00,0.00,0.00,4.33
0.00,0.00,0.00,0.00,4.29,1.71,0.00,4.00
2.65,0.00,3.82,0.00,0.00,1.76,5.59,10.00
0.00,0.00,0.00,0.00,0.00,1.88,0.00,10.00
0.00,3.89,0.00,3.61,0.00,0.00,0.00,3.89
0.00,10.00,1.32,0.00,5.79,0.00,0.00,0.79
0.00,3.25,0.00,0.00,0.00,6.50,0.00,5.75
0.00,0.00,0.00,0.00,0.00,9.03,0.00,2.26
0.00,0.00,0.00,3.64,0.00,0.00,0.00,5.15
0.00,0.86,0.00,0.00,2.00,0.00,0.00,10.00
0.00,0.00,0.00,5.29,0.00,4.12,2.06,10.00
1.96,0.00,0.00,0.00,0.00,6.27,0.00,8.43
0.00,2.89,0.00,0.00,0.00,0.00,4.74,6.58
0.00,0.51,0.00,4.36,0.00,0.00,0.00,2.82
4.88,0.00,0.00,0.00,0.00,0.00,0.24,8.05
0.00,0.00,0.00,6.36,0.00,5.76,0.00,5.45
0.00,0.00,0.00,0.00,0.00,0.00,2.22,8.52
0.00,3.95,4.21,0.00,10.00,0.00,0.00,1.84
0.00,0.00,3.96,0.00,0.00,0.00,0.00,3.75
0.00,0.00,0.00,0.00,0.00,0.00,4.81,4.44
4.07,0.00,5.19,0.00,0.00,0.00,0.00,0.74
0.00,0.00,0.00,0.00,0.00,0.00,0.00,1.82
7.92,0.00,0.00,0.00,0.00,2.08,0.00,5.83
0.00,0.00,0.00,0.00,0.00,6.50,0.00,4.75
0.00,0.91,0.00,0.00,0.00,0.00,0.00,9.39
7.25,1.75,7.25,0.00,0.00,0.00,0.00,1.25
0.00,0.00,0.00,3.43,0.00,0.00,0.00,7.14
0.00,0.00,0.00,0.00,0.00,0.00,0.00,4.86
0.71,0.00,0.00,0.00,0.00,0.00,0.00,6.43
0.00,9.38,2.19,0.00,3.75,0.00,0.00,4.06
0.00,0.00,0.00,0.00,0.00,0.00,6.00,7.43
0.00,0.00,0.00,0.00,0.00,0.00,0.00,1.09
0.00,0.00,3.25,0.00,0.00,0.00,0.00,4.00
0.00,0.00,0.00,0.00,5.00,7.00,0.00,5.33
0.00,6.44,0.00,0.00,0.00,0.00,0.00,2.00
0.00,0.26,8.46,0.00,0.00,0.00,0.77,3.85
8.39,0.00,0.00,0.00,2.58,0.00,0.00,5.81
1.89,0.00,0.00,0.00,0.00,4.86,0.00,5.14
0.00,0.00,0.00,0.00,10.00,4.80,0.00,2.40
0.00,5.75,1.50,3.75,0.00,4.75,3.75,10.00
0.00,0.00,4.38,0.00,0.00,0.00,2.19,3.44
0.00,0.00,0.00,0.00,0.00,0.00,0.00,4.00
0.00,0.00,6.60,0.00,0.00,6.60,0.00,1.80
0.00,0.00,0.00,0.00,0.00,0.00,0.00,9.02
0.00,0.00,6.05,0.00,0.00,0.00,0.00,8.42
4.74,2.11,9.47,3.42,0.00,0.00,0.00,7.89
0.00,0.00,0.00,2.19,0.00,0.00,0.00,1.25
0.00,9.26,2.96,2.96,0.00,0.00,0.00,6.67
3.91,2.39,0.00,0.00,0.00,0.00,0.00,3.70
0.00,1.95,1.95,0.00,0.00,0.00,0.00,6.34
3.78,0.00,0.00,6.49,0.00,0.00,0.00,3.24
4.55,0.00,0.00,4.24,0.00,0.00,7.27,2.73
0.00,0.00,0.00,0.00,0.00,0.00,0.00,2.58
4.48,0.00,0.00,0.00,0.00,0.00,0.00,1.72
0.00,0.00,0.00,0.00,0.00,0.00,4.44,0.28
0.00,1.70,0.00,10.00,0.00,0.00,0.00,2.98
2.27,0.00,5.00,0.00,8.64,0.00,0.00,6.36
0.00,0.00,0.00,3.91,0.00,0.00,0.00,4.35
0.00,0.00,0.00,0.00,0.00,0.00,0.00,6.21
0.00,0.00,0.00,0.00,0.00,0.00,0.00,4.71
0.00,0.00,7.03,0.00,0.00,0.00,0.00,1.35
0.00,0.00,0.00,0.00,0.00,0.00,0.00,3.51
6.30,0.00,0.00,0.00,0.00,0.00,0.00,0.43
0.00,9.70,0.00,4.24,0.00,0.00,0.00,2.73
0.00,0.00,4.29,5.71,0.00,4.00,0.00,4.57
10.00,0.00,0.00,0.00,1.56,0.00,0.00,5.62
0.00,0.00,8.00,0.00,0.00,0.00,0.00,2.00
0.00,0.00,0.00,2.76,0.00,0.00,4.83,0.34
0.00,0.00,0.00,0.00,0.00,0.00,0.00,5.41
8.61,0.00,0.00,0.00,10.00,0.00,0.00,1.39
0.00,3.00,0.00,6.50,0.00,0.00,0.00,5.75
0.00,0.00,0.00,0.00,0.00,0.00,0.00,1.84
0.00,0.00,0.00,0.00,0.00,0.00,0.00,6.25
0.00,0.00,0.00,0.00,0.00,0.00,0.00,3.42
0.00,0.00,0.00,0.00,0.00,0.00,0.00,0.31
3.45,0.00,0.00,2.07,0.00,0.00,0.00,10.00
0.00,1.67,0.00,0.00,0.00,0.00,5.24,3.81
0.64,0.00,0.00,0.00,0.00,4.47,0.00,2.34
0.00,0.00,0.00,0.00,5.45,0.00,4.85,3.64
0.00,0.00,0.00,0.00,0.00,0.00,4.32,2.95
0.00,0.00,1.18,0.00,0.00,0.00,2.94,10.00
0.00,10.00,0.00,6.74,0.00,2.56,0.00,0.93
0.00,3.85,0.00,0.00,4.62,0.00,0.00,3.08
1.22,0.00,0.00,0.00,0.00,0.00,0.00,5.85
0.00,0.00,0.00,0.00,0.00,10.00,0.00,5.25
4.52,5.71,0.00,0.00,0.00,0.00,0.00,0.48
6.57,0.00,0.00,2.00,0.00,0.00,0.00,1.14
0.00,0.00,0.00,0.00,0.00,0.00,0.00,2.43
0.53,0.00,0.00,0.00,0.00,0.00,0.00,2.11
0.00,0.00,10.00,0.00,0.00,10.00,0.00,0.89
0.00,9.23,0.00,0.00,3.59,3.08,0.00,0.51
0.00,2.05,0.00,0.00,0.00,2.05,10.00,3.59
0.00,0.00,4.77,10.00,0.00,0.00,0.00,1.14
0.00,0.00,0.00,0.00,0.00,0.00,4.85,6.67
0.00,0.00,0.00,0.00,1.63,0.00,0.00,1.02
0.00,0.00,0.00,0.00,0.00,0.00,0.00,6.88
2.44,3.66,0.00,0.00,0.00,0.00,0.00,8.54
0.00,3.33,0.00,4.33,0.00,0.00,0.00,3.33
0.00,0.00,9.76,0.00,0.00,4.63,0.00,0.49
0.00,0.00,0.00,0.00,0.00,0.00,0.00,5.56
0.00,0.94,3.44,0.00,0.00,0.00,0.00,10.00
0.00,0.00,0.00,0.00,3.10,4.14,0.00,3.79
3.19,4.26,4.47,0.00,0.00,0.00,3.83,2.98
0.00,4.17,0.00,0.00,0.00,0.00,0.00,8.61
0.00,0.00,0.00,0.00,3.89,0.00,0.00,1.67
0.00,0.00,6.67,0.00,0.00,0.00,0.00,3.33
6.09,6.96,0.00,0.00,0.00,0.00,0.00,1.96
1.71,0.00,0.00,0.00,2.29,0.00,0.00,6.29
10.00,0.00,0.00,0.00,8.82,0.00,2.94,4.41
0.00,0.00,0.00,0.00,0.00,7.86,0.00,7.14
0.00,0.00,0.00,6.22,0.00,0.00,0.00,10.00
0.00,0.00,0.00,0.00,0.00,0.00,0.00,3.10
0.00,3.68,0.00,10.00,3.42,2.11,0.00,4.74
6.53,2.86,0.00,0.00,0.00,0.00,0.00,6.33
0.00,4.57,6.00,0.00,0.00,0.00,10.00,3.14
0.00,0.00,10.00,1.52,0.00,2.12,0.00,5.15
0.00,0.00,7.65,2.35,0.00,0.00,1.76,5.29
0.00,0.00,0.00,0.00,0.00,1.16,0.00,4.65
0.00,0.00,4.86,10.00,0.00,0.00,0.00,9.73
0.00,3.33,6.67,1.67,9.58,0.00,0.00,3.33
0.00,0.00,0.00,7.84,5.95,0.00,0.00,5.68
0.00,0.00,0.00,0.00,0.00,0.00,0.00,4.00
0.00,0.00,0.00,0.00,6.34,2.93,6.10,6.83
0.00,2.25,5.50,0.00,1.50,0.00,0.00,4.75
0.00,0.00,0.00,0.00,7.78,0.00,3.89,1.67
7.58,0.00,0.00,0.00,6.36,0.00,0.00,1.52
0.00,0.00,4.47,0.00,0.00,5.53,0.00,3.95
0.00,0.00,0.00,0.00,0.00,0.00,0.00,3.42
0.00,0.00,0.00,0.00,0.23,9.09,0.00,3.86
0.00,3.90,0.00,0.00,0.00,0.00,0.00,6.59
0.00,0.00,5.00,0.00,0.00,0.00,5.59,3.53
3.59,0.00,2.82,9.49,0.00,0.00,0.00,1.28
0.00,0.00,2.62,0.00,0.00,2.62,0.00,4.29
0.00,0.00,0.00,0.00,0.00,5.81,0.00,4.42
0.00,0.00,0.00,5.00,0.00,0.00,0.00,5.00
0.00,0.00,0.00,0.00,0.00,0.00,5.94,3.12
0.00,2.33,0.00,0.00,0.00,0.00,0.00,3.02
0.00,3.41,0.00,0.00,0.00,0.00,6.83,1.46
3.91,0.00,0.00,0.00,0.00,0.00,0.00,6.52
0.00,0.00,0.00,0.00,0.00,0.00,0.00,6.57
4.24,0.00,0.00,0.00,0.00,0.00,0.00,3.64
0.00,0.00,0.00,0.00,0.00,0.00,0.00,1.40
0.00,5.15,1.82,0.00,0.00,0.00,4.24,9.39
0.00,0.00,0.00,0.00,0.00,0.00,0.00,7.11
0.00,0.00,0.00,0.00,0.00,0.00,0.00,1.08
0.00,0.00,0.00,0.00,0.00,3.68,6.58,5.79
0.00,0.00,0.00,0.00,0.00,0.00,0.00,0.77
5.90,0.00,4.62,0.00,4.62,0.00,0.00,3.08
0.00,0.00,0.00,0.00,0.00,0.00,0.00,4.19
0.00,0.00,0.00,0.00,0.00,8.21,0.00,1.79
0.00,2.22,0.00,0.00,0.00,0.00,0.00,4.72
3.64,0.00,0.00,10.00,0.00,3.64,0.00,0.91
0.00,0.00,0.00,0.00,0.00,0.00,0.00,5.00
0.00,0.00,0.00,0.00,7.19,0.00,2.81,9.69
0.00,0.00,0.00,0.00,0.00,4.72,0.00,3.06
0.00,0.00,0.00,4.22,0.00,5.56,0.00,6.22
0.00,0.00,0.00,0.00,10.00,4.08,5.51,1.43
4.00,0.00,0.00,0.00,0.00,0.00,8.00,0.57
0.00,0.00,0.00,7.74,4.19,0.00,0.00,1.61
0.00,0.00,0.00,0.00,3.43,0.00,0.00,2.29
0.00,0.00,7.06,0.00,3.24,0.00,0.00,7.06
5.77,0.00,0.00,0.00,0.00,0.00,4.23,3.08
0.00,0.00,0.00,0.00,0.21,0.00,0.00,6.46
0.00,0.00,0.00,0.00,0.00,0.00,0.00,6.22
0.00,0.00,1.92,10.00,0.00,0.00,0.00,4.23
0.00,0.00,0.00,0.00,3.33,0.00,4.67,0.89
0.00,0.00,7.78,0.00,0.00,0.00,0.00,1.67
0.00,0.00,0.00,0.00,0.00,0.00,0.21,3.75
4.05,0.00,0.00,0.00,2.43,5.68,0.00,0.54
6.41,0.00,0.00,0.77,0.00,0.00,0.00,10.00
0.00,0.00,0.00,0.00,0.00,3.71,0.00,9.43
4.57,2.83,0.00,0.00,0.00,0.00,0.00,3.26
0.00,0.00,0.00,0.00,0.00,0.00,0.00,3.42
0.00,0.00,4.55,0.00,0.00,1.36,0.00,4.77
1.29,0.00,0.00,3.87,8.39,0.00,0.00,5.81
0.00,4.06,7.81,0.00,0.00,0.00,3.12,5.31
0.00,0.00,0.00,0.00,0.00,0.00,3.64,3.94
0.00,0.00,0.00,0.00,3.53,0.00,4.41,1.18
0.00,0.00,0.00,0.00,0.00,9.70,0.00,0.30
0.00,0.00,0.00,0.00,0.00,6.49,0.00,10.00
7.00,0.00,0.00,0.00,0.00,0.00,0.00,3.00
0.00,5.71,0.00,0.00,0.00,0.00,0.00,6.07
0.00,4.39,0.00,0.00,0.00,0.00,0.00,10.00
0.00,0.00,0.00,0.00,6.45,0.00,0.00,5.48
0.75,0.00,0.00,0.00,0.00,2.25,0.00,6.25
0.00,0.00,10.00,0.00,5.28,0.00,0.00,4.44
7.67,0.93,10.00,0.00,0.00,0.00,2.09,3.72
0.00,0.00,0.53,0.00,0.00,0.00,0.00,4.47
0.00,3.86,10.00,0.00,2.95,0.00,0.00,2.95
0.00,0.00,0.00,0.00,0.00,8.57,0.00,1.07
0.00,0.00,0.00,0.00,0.00,0.00,0.00,4.17
0.00,1.43,0.00,0.00,0.00,0.00,0.00,6.00
0.00,0.00,0.00,0.00,0.00,0.00,0.00,1.15
0.00,0.00,0.00,0.97,3.55,0.00,0.32,3.55
5.00,0.00,0.00,0.00,6.39,1.39,0.00,1.11
0.00,0.00,0.00,0.00,0.00,0.00,0.00,4.67
0.00,0.00,0.00,0.00,0.00,0.00,1.67,1.67
0.00,0.00,0.00,5.68,0.23,3.64,0.00,7.73
7.08,0.00,0.00,0.00,0.00,0.00,3.75,5.83
0.00,0.00,0.00,0.00,0.00,0.00,0.00,2.89
0.00,0.00,0.00,0.00,0.00,0.00,0.00,3.33
4.63,0.00,0.00,0.00,0.00,0.49,0.00,8.54
0.00,0.00,0.00,0.00,5.28,0.00,0.00,7.50
10.00,0.00,0.00,0.00,3.60,2.80,0.00,2.40
10.00,0.00,0.00,0.00,0.00,0.00,1.82,5.45
0.00,0.62,0.00,2.81,10.00,0.00,0.00,2.19
0.00,4.00,0.00,0.00,10.00,0.80,0.00,4.40
0.00,0.00,0.00,6.00,0.00,0.00,0.00,6.57
0.00,6.75,0.00,0.00,0.00,0.00,0.00,6.25
4.44,4.17,0.00,0.00,0.00,0.00,0.00,3.61
0.00,0.00,0.00,0.00,0.00,0.00,2.16,1.08
2.33,0.00,0.00,0.00,2.33,0.00,0.00,9.30
0.00,0.00,0.00,0.00,0.00,5.29,0.00,2.06
0.53,10.00,0.00,0.00,0.00,0.00,0.00,0.26
0.00,10.00,0.00,0.00,0.00,0.00,0.00,4.55
0.00,0.00,0.00,0.00,0.00,0.00,2.98,10.00
2.50,0.00,0.00,0.00,4.38,0.00,0.00,4.06
0.00,0.00,0.00,0.00,2.08,0.00,0.00,2.29
5.00,0.00,0.00,4.06,0.00,0.00,0.00,1.88
0.00,0.00,0.00,3.55,10.00,0.00,0.00,2.26
0.00,9.73,0.00,0.00,1.89,0.00,0.00,8.65
0.22,0.00,0.00,0.00,6.52,0.00,0.00,1.74
1.21,0.00,0.00,0.00,1.21,5.15,4.85,1.82
0.00,0.00,0.00,0.00,6.00,0.00,0.00,6.00
0.00,0.00,0.00,0.00,0.00,0.00,0.00,10.00
0.00,0.00,0.00,0.00,0.00,0.00,6.05,0.26
0.00,3.64,6.82,4.09,0.00,0.00,0.00,2.27
0.00,7.45,0.00,9.15,0.00,0.00,0.00,1.49
0.00,0.00,0.00,3.87,0.00,0.00,2.90,6.45
0.00,4.57,3.04,0.00,0.00,0.00,5.65,3.70
1.21,0.00,2.12,0.00,0.00,0.00,0.00,4.85
0.00,0.00,3.33,0.00,0.00,4.72,0.00,3.89
8.00,0.00,0.00,0.00,0.00,0.00,0.00,7.00
0.00,0.00,0.00,0.00,0.00,0.00,0.31,8.44
0.00,0.00,0.00,0.00,0.00,0.00,8.65,6.49
0.00,0.00,0.91,0.00,0.00,4.24,0.00,6.97
0.00,0.00,4.52,0.00,0.00,0.00,0.00,4.19
0.00,0.00,5.59,0.00,5.88,0.00,0.00,1.18
0.00,0.00,0.00,0.00,0.00,2.68,0.98,9.27
0.00,0.00,0.00,0.00,6.58,0.00,0.00,4.74
0.00,0.00,0.00,2.78,0.00,0.00,0.00,5.83
2.44,5.85,10.00,0.00,0.00,0.00,0.00,4.15
0.00,0.00,0.00,5.86,0.00,0.00,0.00,1.38
0.00,0.00,0.00,9.52,4.29,0.00,0.00,8.10
5.33,0.00,0.00,4.67,0.00,0.00,0.00,6.67
0.00,0.00,3.57,0.00,0.00,10.00,0.36,1.79
4.17,0.00,0.00,0.00,0.00,0.00,0.00,5.00
0.00,9.23,0.00,0.00,0.00,1.54,0.00,5.38
0.00,0.00,0.00,8.24,0.00,0.00,0.00,2.65
0.00,0.00,0.00,0.00,4.36,0.00,0.00,6.15
8.21,3.33,1.79,0.00,0.00,0.00,9.49,2.05
0.00,6.57,0.00,0.00,0.00,5.43,0.00,6.29
0.00,0.00,0.00,0.00,3.71,4.29,0.00,6.57
0.00,0.22,0.00,0.00,0.00,0.00,0.89,5.56
0.00,0.00,0.00,0.00,0.00,0.00,0.00,5.26
0.00,0.00,0.00,0.00,0.00,0.00,4.14,1.03
0.00,4.17,0.00,0.00,0.00,0.00,0.00,3.06
8.24,0.00,0.00,0.00,0.00,10.00,0.00,7.94
0.00,0.00,0.00,7.62,6.43,0.00,0.00,9.76
0.00,0.00,0.00,0.00,0.00,0.00,0.00,0.27
0.00,0.00,3.83,0.00,3.83,1.49,0.00,2.77
0.00,3.85,0.77,0.00,0.00,0.00,0.00,6.15
0.00,0.00,0.00,0.00,0.00,0.00,0.00,3.81
0.00,4.29,0.00,0.00,1.19,0.00,0.00,9.05
0.00,0.00,0.00,0.00,0.00,0.00,0.00,3.66
1.25,0.00,0.00,2.81,0.00,0.00,0.00,6.25
0.00,6.43,6.79,0.00,0.00,0.00,0.00,3.93
0.00,0.00,0.00,0.00,0.00,0.86,0.00,8.29
0.00,4.14,0.00,0.00,0.00,0.00,0.00,8.97
0.94,4.06,0.00,0.00,0.00,0.00,0.00,7.50
3.17,6.59,0.00,0.00,0.00,0.00,0.00,4.15
0.00,0.00,0.00,0.00,3.33,0.00,0.00,1.33
2.22,0.00,3.61,6.67,0.00,0.00,0.00,3.33
0.00,6.56,8.12,4.38,0.00,0.00,0.00,10.00
4.14,0.00,0.00,0.00,0.00,0.00,0.00,6.21
0.00,0.00,0.00,0.00,10.00,2.19,0.00,5.00
0.00,0.00,0.00,3.71,6.57,0.00,0.00,2.86
0.00,0.00,6.05,0.00,1.63,0.00,0.00,3.02
0.00,0.00,0.00,0.00,0.00,0.00,5.14,3.71
9.13,0.00,0.00,0.00,0.87,1.30,0.00,9.13
0.00,0.00,2.76,0.00,0.00,8.28,8.28,1.72
0.00,0.00,0.00,0.00,1.36,0.00,10.00,4.09
0.00,0.00,0.00,0.00,5.38,0.00,0.00,9.23
0.00,0.00,0.00,2.86,0.00,0.00,0.00,4.29
0.00,0.00,1.94,3.89,0.00,0.00,0.00,2.50
5.15,0.00,0.00,0.00,0.00,3.64,0.00,4.24
0.00,0.00,0.00,0.00,0.00,0.00,0.00,7.89
0.00,0.00,0.62,0.00,0.00,0.00,0.00,6.56
0.00,0.00,2.35,0.00,0.00,0.00,0.00,5.88
0.00,0.00,0.00,0.00,0.00,6.13,0.00,4.84
0.00,0.00,6.30,0.00,0.00,5.19,0.00,7.78
0.00,0.00,0.00,7.78,0.00,0.00,0.00,6.48
0.00,0.00,0.00,0.00,7.93,0.00,1.72,1.38
0.00,0.00,0.00,0.00,0.00,5.71,2.86,4.29
0.00,0.00,0.00,0.00,0.00,0.00,0.00,6.89
0.00,0.00,0.00,0.00,0.00,4.50,4.50,2.75
0.00,0.00,0.00,0.00,0.00,0.00,2.86,3.21
0.00,0.00,0.00,0.00,0.00,1.03,0.00,3.59
0.00,0.00,0.00,0.00,0.00,4.14,0.00,5.86
8.57,4.29,0.00,0.00,0.00,3.57,0.00,0.48
9.77,0.00,5.12,10.00,0.00,0.00,0.00,0.23
4.47,0.00,0.00,8.68,3.42,0.00,3.16,6.84
1.74,6.96,4.57,0.00,0.00,0.00,0.00,8.26
0.00,0.00,0.00,0.00,1.94,0.00,6.39,1.11
0.00,0.00,7.71,1.14,0.29,0.00,0.00,6.29
0.00,5.43,0.00,0.00,0.00,0.00,8.57,4.86
0.00,3.95,0.00,0.00,0.00,0.00,0.00,3.68
0.00,1.76,0.00,0.00,0.00,0.00,0.00,8.24
0.00,2.68,0.00,0.00,0.00,0.00,6.59,0.98
0.00,0.00,2.81,3.44,0.00,0.00,0.00,5.00
0.00,0.00,0.00,3.71,0.00,0.00,0.00,3.14
5.24,3.81,0.00,1.43,10.00,0.00,0.00,5.95
0.00,1.96,0.00,0.00,0.00,0.00,0.00,4.64
0.00,0.00,0.00,3.44,0.00,0.00,5.00,4.69
0.00,0.00,6.25,0.00,0.00,0.00,0.00,5.94
0.00,0.00,0.25,0.00,8.50,5.25,0.00,6.75
0.00,0.00,0.00,0.00,0.00,0.00,0.00,1.22
2.20,0.00,0.00,0.00,0.00,0.00,1.95,6.59
0.00,0.00,0.00,0.00,0.00,0.00,4.55,2.12
0.00,0.00,5.61,0.00,2.93,0.00,0.00,2.68
4.84,6.45,0.00,0.00,0.00,0.00,0.00,2.58
4.62,0.00,0.00,0.00,5.00,1.54,0.00,7.31
0.00,7.33,0.00,7.00,0.00,0.00,4.33,6.33
0.00,0.00,0.00,0.00,0.00,0.00,0.00,4.86
2.50,0.00,0.00,0.00,0.00,0.00,0.00,6.88
0.00,0.00,0.00,6.47,0.00,0.00,0.00,2.94
0.00,0.00,0.00,0.00,1.22,0.00,0.00,5.12
0.00,0.00,0.00,3.57,3.81,4.05,0.00,2.62
5.48,0.71,0.00,0.00,4.05,2.38,0.00,0.24
0.59,0.00,0.00,10.00,7.65,0.00,6.47,5.00
0.00,8.00,0.00,0.00,0.00,0.00,0.00,4.40
0.00,0.00,0.00,4.71,5.69,0.00,0.00,0.98
0.00,3.33,0.00,0.00,0.00,0.00,0.00,6.43
0.00,0.00,0.00,0.00,10.00,0.00,0.00,1.18
0.00,0.00,0.00,0.00,2.29,4.57,0.00,5.71
0.00,0.00,0.00,2.90,0.00,2.90,0.00,2.90
0.00,0.91,0.00,0.00,0.00,4.55,0.00,8.48
0.00,0.00,8.82,4.41,0.00,0.00,1.18,4.71
0.00,0.00,0.00,0.00,0.00,0.00,0.00,4.39
0.00,0.00,0.00,0.00,0.00,0.00,0.00,3.33
3.33,0.00,0.00,6.43,2.86,0.00,0.00,2.62
0.00,9.63,0.00,0.00,0.00,3.33,0.00,0.37
0.00,0.00,0.00,0.00,0.00,0.00,10.00,3.43
0.00,0.00,0.00,0.00,0.00,0.00,0.00,5.88
3.10,3.79,0.00,0.00,0.00,0.00,0.00,8.28
0.00,0.77,0.00,0.00,0.00,0.77,0.00,6.15
0.00,0.00,0.00,0.00,0.00,5.14,0.00,2.86
0.00,0.00,6.54,0.00,0.00,2.88,0.00,3.46
7.95,0.00,0.00,10.00,0.00,4.10,0.00,3.59
0.00,0.00,0.00,2.81,0.00,0.00,0.94,5.62
0.00,5.53,0.00,0.00,0.00,0.00,0.00,7.37
5.00,0.00,6.43,0.00,0.00,0.00,0.00,1.19
4.25,0.00,0.00,5.50,0.00,0.00,0.00,0.25
0.00,0.00,0.00,0.00,0.00,0.00,0.00,3.03
10.00,0.00,0.00,0.00,0.00,0.00,3.33,3.64
0.00,4.00,10.00,0.00,0.00,0.00,0.00,3.75
9.11,0.00,0.00,0.00,0.00,0.00,0.00,3.33
0.00,0.00,0.00,10.00,0.00,0.26,0.00,2.05
0.00,0.00,1.71,0.00,0.00,4.00,0.00,8.29
6.58,0.00,0.26,0.00,0.00,0.00,0.00,8.95
4.33,0.00,0.00,0.00,6.33,9.33,0.00,3.33
0.00,0.00,6.23,0.00,0.00,0.00,0.00,3.96
4.86,0.00,0.00,0.00,0.00,0.00,8.38,6.49
0.00,0.00,0.00,0.00,0.00,0.00,1.84,3.95
7.20,0.00,0.00,0.00,0.00,0.00,0.40,2.00
0.00,0.00,0.00,0.00,0.00,0.00,0.00,1.11
0.00,0.00,0.00,2.14,0.00,0.00,0.00,4.29
0.00,0.00,10.00,0.00,0.00,0.00,0.00,3.00
0.00,0.00,0.00,0.86,0.00,0.00,0.00,3.71
0.00,0.00,1.05,0.00,0.00,0.00,0.00,6.05
0.00,0.00,0.00,0.00,0.00,5.14,0.00,0.86
0.00,0.00,0.00,0.00,0.00,0.00,0.00,8.82
0.00,0.00,0.00,0.00,5.95,0.00,7.03,5.14
0.00,4.40,6.60,4.60,0.00,0.00,0.00,1.40
0.00,0.00,0.00,4.39,3.41,2.44,0.00,6.59
0.00,0.00,3.75,0.00,0.00,0.00,7.19,7.19
0.00,0.34,0.00,0.00,6.21,10.00,10.00,4.14
0.00,2.75,0.00,0.00,0.00,4.25,7.50,2.50
0.00,0.00,0.00,3.91,0.00,3.70,0.00,8.26
0.00,6.15,4.62,0.00,0.00,0.00,0.00,6.67
0.00,0.00,2.44,0.00,0.00,0.00,0.00,4.39
4.00,0.00,0.00,0.00,2.86,0.00,0.00,3.71
0.00,0.00,0.00,5.00,0.00,0.00,3.33,1.67
0.00,0.00,0.00,0.00,0.00,0.00,0.00,8.29
0.00,0.00,1.32,4.47,0.00,0.00,0.00,4.21
0.00,0.00,0.00,0.00,10.00,0.00,0.00,7.44
0.00,0.00,0.00,0.00,0.00,3.20,0.00,10.00
0.00,0.00,9.23,0.00,0.00,0.00,0.00,3.08
0.00,0.00,0.00,8.06,0.00,3.89,0.00,7.78
0.00,0.00,0.00,4.67,0.00,0.00,0.00,2.67
0.00,0.00,5.83,0.00,3.61,0.00,0.00,7.22
0.00,0.00,0.00,0.00,4.00,0.00,6.57,3.71
8.18,0.00,4.77,0.00,0.00,0.00,0.00,2.50
5.79,1.32,0.00,0.00,0.00,0.00,0.00,0.79
0.75,0.00,0.00,0.00,0.00,0.00,0.00,6.50
0.00,0.00,0.00,0.00,0.00,0.00,6.59,6.34
0.00,0.00,0.00,3.91,0.00,0.00,0.00,3.91
2.00,0.00,0.00,0.00,5.33,6.00,0.00,1.67
0.00,0.00,0.00,3.21,0.00,0.00,5.00,3.21
3.33,0.00,0.00,0.00,0.00,0.00,3.33,4.44
0.00,0.00,0.00,0.77,0.00,7.69,0.00,3.59
0.00,0.00,0.00,0.00,0.00,0.00,0.00,4.12
1.84,8.42,0.00,0.00,7.37,0.00,10.00,1.32
0.00,0.00,0.00,0.00,0.00,0.00,0.00,1.16
2.90,9.35,0.00,5.81,0.00,0.00,1.61,2.58
0.00,0.00,4.29,0.00,0.00,0.00,0.00,3.21
5.16,0.00,0.00,0.32,0.00,0.00,0.00,10.00
0.00,0.00,0.00,0.00,5.83,0.00,0.00,4.17
0.00,0.00,0.00,0.00,0.00,0.00,0.00,4.76
5.77,1.92,0.00,5.77,3.85,0.00,3.46,0.38
0.00,0.00,3.33,4.72,0.00,0.00,0.00,5.83
0.00,0.00,0.00,0.00,0.00,0.00,0.00,4.89
0.00,0.00,0.00,6.36,0.00,2.42,0.00,4.55
0.00,4.76,0.00,0.00,0.00,0.00,0.00,6.43
0.00,0.00,0.00,0.38,1.92,0.00,0.00,5.00
0.00,0.00,0.00,3.61,0.00,0.00,0.00,1.94
10.00,0.00,0.00,6.51,3.72,0.00,0.00,4.65
3.25,1.75,0.00,0.00,0.00,0.50,7.50,5.75
0.00,0.00,0.00,1.56,0.00,0.00,0.00,3.56
0.00,0.00,0.00,0.00,0.00,0.00,0.00,5.13
0.00,5.25,0.00,0.00,9.00,0.00,0.00,5.25
5.24,0.00,0.00,0.00,0.00,0.00,0.00,1.19
0.00,0.00,0.00,0.00,0.00,0.00,5.24,6.90
0.00,0.00,0.00,0.00,0.00,0.00,4.75,7.00
0.00,0.00,7.88,0.00,0.00,0.00,0.00,5.15
0.00,0.00,0.00,0.00,2.20,4.39,0.00,6.10
0.00,0.00,0.00,0.00,0.00,0.00,5.29,3.82
0.00,0.00,7.20,4.60,0.00,0.00,0.00,0.80
0.00,0.00,5.71,9.29,1.19,0.00,0.00,4.05
0.00,0.00,0.00,0.00,0.00,0.00,0.00,3.02
0.00,0.00,0.00,0.00,0.00,0.00,0.00,9.76
0.00,0.00,2.73,0.00,0.00,0.00,0.00,3.64
0.00,0.00,4.05,0.00,0.00,4.86,0.00,3.78
0.00,0.00,0.00,0.00,2.69,0.77,0.00,6.92
9.44,0.00,4.17,0.00,0.00,0.00,1.67,7.50
0.00,0.00,2.05,10.00,0.00,0.00,0.00,0.26
0.00,0.75,0.00,3.25,0.00,0.00,0.00,9.00
0.00,0.00,0.00,0.00,0.00,0.00,0.57,4.00
0.00,0.00,0.00,0.00,0.00,0.00,0.42,9.17
0.00,2.22,0.00,0.00,0.28,0.00,6.39,5.83
0.00,0.00,4.00,0.00,1.67,0.00,0.00,4.00
1.71,0.00,0.00,0.00,3.14,0.00,0.00,6.57
0.00,0.00,0.00,0.00,0.00,0.00,0.00,4.42
1.82,7.27,0.00,3.64,0.00,0.00,0.00,4.55
3.56,0.00,0.00,9.11,0.00,0.00,0.00,0.22
0.00,0.00,3.60,9.40,0.00,0.00,0.00,3.40
4.22,0.00,0.00,2.67,0.00,0.00,5.78,2.44
0.00,0.00,4.62,0.00,0.00,0.00,0.00,10.00
0.00,2.00,0.00,0.00,0.00,4.33,0.00,3.33
0.00,1.22,0.00,0.00,0.00,0.00,0.00,10.00
0.00,0.00,0.00,6.67,0.00,0.00,1.00,3.33
2.50,0.00,4.77,0.00,0.00,0.00,4.32,3.64
0.00,0.00,0.00,7.19,0.00,0.00,0.00,10.00
0.00,0.00,0.00,4.17,0.00,0.00,0.00,2.50
0.00,6.52,0.00,0.00,0.00,0.00,4.57,3.04
5.16,0.00,0.00,0.00,0.00,7.10,5.81,1.94
0.00,0.00,0.00,0.00,4.86,0.00,0.00,2.29
6.86,0.00,0.00,0.00,0.00,6.57,0.00,3.43
0.00,0.00,0.00,0.56,0.00,0.00,0.00,2.50
0.00,3.33,0.00,3.67,0.00,0.00,0.00,6.33
8.33,0.00,1.39,2.78,0.00,4.72,0.00,1.39
0.00,1.32,7.37,0.00,0.00,0.00,0.00,0.26
0.00,0.00,0.00,0.00,0.00,6.59,0.00,3.90
2.59,0.00,0.00,0.00,0.00,0.00,0.00,5.00
0.00,0.00,3.79,0.00,10.00,0.00,0.00,2.07
0.00,0.00,0.00,0.00,0.00,10.00,0.00,5.00
0.00,0.00,0.00,0.00,2.14,6.67,0.00,4.76
0.00,0.00,0.00,0.00,0.00,0.00,2.34,9.36
0.00,0.00,0.00,0.00,1.05,0.00,0.00,0.53
0.00,8.57,6.29,0.00,0.00,0.00,0.57,1.43
0.00,0.00,0.00,0.00,4.52,6.90,10.00,2.38
6.55,0.00,0.00,0.00,0.00,0.00,0.00,4.18
2.44,4.22,0.00,0.00,0.00,0.00,0.00,3.78
0.00,0.00,0.00,0.00,5.00,0.00,0.00,0.38
2.14,5.71,0.00,0.00,0.00,0.00,8.81,2.38
2.05,6.67,0.00,3.08,0.00,1.54,0.00,5.64
0.00,0.00,0.00,0.00,10.00,0.00,0.00,1.71
0.00,0.00,0.00,0.00,10.00,4.75,0.75,10.00
0.00,0.00,0.00,0.00,0.00,0.00,3.50,6.75
0.00,0.00,0.00,0.00,0.00,0.00,0.00,3.42
0.00,0.00,2.08,3.77,0.00,0.00,0.00,4.53
0.00,2.75,0.00,0.00,0.00,0.00,0.00,7.50
0.00,0.00,0.00,10.00,0.65,0.00,3.70,3.91
3.49,0.00,0.00,0.00,0.00,0.00,0.00,6.51
6.84,0.00,0.00,0.00,0.00,6.05,0.00,0.79
0.00,0.00,4.06,0.00,2.19,0.00,0.00,7.19
0.00,0.00,0.00,0.00,6.56,0.00,0.00,4.06
0.00,0.00,0.00,0.00,0.00,2.00,7.75,1.50
1.08,10.00,0.00,0.00,0.00,0.00,0.00,3.24
0.00,0.00,2.31,6.67,0.00,0.00,0.00,4.10
0.00,8.54,3.41,0.00,0.00,0.00,0.00,1.71
3.94,0.00,0.00,0.00,0.00,0.00,0.00,8.48
0.00,0.00,0.00,0.00,0.00,0.00,1.28,8.72
0.00,0.00,0.00,0.00,0.00,1.16,0.00,6.05
0.00,0.00,0.00,0.00,0.00,6.39,0.00,3.89
0.00,0.00,0.00,0.00,0.70,0.00,8.14,2.56
10.00,3.57,0.00,0.00,0.00,0.00,0.00,3.21
0.00,0.00,0.00,0.00,3.18,1.82,0.00,5.00
0.00,5.16,0.00,0.00,4.52,0.00,0.00,0.65
0.00,0.00,0.00,0.00,0.00,0.00,0.00,4.89
0.00,0.00,0.00,6.19,0.00,0.00,0.00,8.81
9.19,0.00,0.00,0.00,0.00,0.00,0.00,6.22
0.00,0.00,0.00,0.00,0.00,0.00,0.00,4.25
2.97,0.00,2.43,0.00,0.00,0.00,0.27,8.11
0.00,0.00,0.00,4.86,0.00,0.00,0.00,4.00
0.00,0.00,0.00,0.00,0.00,4.39,0.00,4.88
0.00,6.39,0.00,0.00,7.78,0.00,0.00,2.50
5.62,0.00,1.88,0.00,0.00,0.00,0.00,8.44
0.00,0.00,0.00,0.00,0.00,0.00,0.00,4.78
1.78,0.00,10.00,0.00,2.22,0.00,0.00,2.44
0.00,0.00,0.00,0.00,5.48,3.10,0.00,9.05
2.19,6.88,0.00,0.00,0.00,10.00,0.00,3.75
3.41,0.00,0.00,0.00,0.00,4.15,0.00,3.66
3.44,0.00,0.00,0.00,0.00,6.25,7.81,1.25
0.00,9.32,0.00,0.00,0.00,3.64,0.00,4.77
0.00,3.67,6.67,0.00,6.00,0.00,0.00,1.00
0.00,0.00,0.00,0.00,3.14,0.00,0.00,10.00
0.00,0.00,0.00,0.00,0.00,0.00,0.00,4.10
0.00,0.73,0.00,0.00,0.73,0.00,0.00,10.00
3.21,0.00,0.71,0.00,0.00,0.00,5.00,10.00
0.00,0.00,4.71,0.00,6.47,0.00,0.29,1.47
2.86,10.00,0.00,0.00,0.00,0.00,0.00,5.71
0.00,0.00,0.00,0.00,0.00,0.00,4.04,2.34
0.00,0.00,0.00,0.00,0.00,0.00,0.00,3.78
0.00,0.00,0.00,2.73,0.00,0.00,0.00,3.82
0.00,6.58,0.00,0.00,0.00,0.00,0.00,2.89
6.28,0.00,0.00,10.00,0.00,0.00,4.19,2.56
0.00,0.00,0.00,4.41,0.00,0.00,0.00,5.00
0.00,0.00,0.00,0.00,0.00,0.00,0.00,2.39
5.86,0.00,7.24,0.00,0.00,0.00,4.14,2.07
0.00,0.00,0.00,0.00,0.00,6.90,0.00,1.72
0.00,4.06,0.00,0.00,0.00,0.00,0.00,6.56
0.00,0.00,0.00,0.00,0.00,0.71,0.00,5.71
0.00,0.00,0.00,0.00,4.29,0.00,0.00,3.43
0.00,0.00,2.67,0.33,0.00,0.00,5.00,3.33
0.00,0.00,0.00,0.00,0.00,0.00,5.58,4.65
0.00,0.00,0.00,0.00,1.25,0.00,0.00,3.75
0.00,0.00,1.46,0.00,0.00,2.44,2.20,5.61
3.33,0.00,0.00,0.00,0.00,0.00,0.00,0.24
0.00,0.00,0.00,0.00,0.00,0.00,4.19,0.97
0.00,1.33,0.00,0.00,0.00,0.00,6.67,6.00
0.00,2.58,4.52,0.00,0.00,0.00,0.00,1.94
0.00,0.00,2.26,0.00,0.00,1.29,0.00,0.97
0.00,0.00,1.61,0.00,0.00,0.00,0.00,3.55
0.00,0.00,2.78,0.00,0.00,0.00,0.00,6.67
0.00,7.59,0.00,0.00,5.52,0.00,0.00,3.10
0.00,0.00,0.00,0.00,0.00,0.00,10.00,4.00
2.86,0.00,0.00,0.00,5.48,10.00,0.00,1.67
1.67,5.28,0.00,0.00,0.00,5.00,0.00,2.22
0.00,7.04,0.00,0.00,0.00,0.00,9.26,2.59
0.00,0.00,0.00,0.00,0.00,0.00,5.38,4.10
0.00,1.14,0.00,0.00,0.00,0.00,0.00,5.68
0.00,0.00,0.00,0.00,0.00,3.00,5.00,6.50
0.00,4.31,0.00,0.00,0.00,0.00,0.00,5.29
0.00,0.00,0.00,0.00,0.00,0.00,3.95,4.65
2.17,0.00,7.17,0.00,0.00,0.00,0.00,3.04
0.00,0.00,0.00,0.00,0.00,0.00,0.00,0.54
0.00,0.00,6.49,0.00,0.00,0.00,0.00,1.08
0.00,0.00,0.00,0.00,0.00,6.51,6.51,1.86
3.68,0.00,0.00,0.00,0.00,4.21,0.00,1.84
4.69,0.00,3.12,0.00,0.00,2.81,0.00,8.75
0.00,0.00,0.00,0.00,0.00,0.00,0.00,3.00
0.00,0.71,0.00,7.62,0.48,5.24,0.00,3.33
0.00,0.00,0.00,0.00,5.14,0.00,0.00,5.41
0.00,0.00,0.00,0.00,0.00,0.00,2.00,6.50
0.00,0.00,6.67,0.00,0.00,0.00,0.00,4.55
0.00,0.00,0.00,5.71,0.00,0.00,0.00,6.57
0.00,4.38,1.88,0.00,0.00,0.00,0.00,2.50
3.14,0.00,2.57,0.00,0.00,3.14,0.00,4.57
2.06,0.00,7.06,0.00,0.00,10.00,4.71,0.88
0.00,0.00,0.80,3.60,4.40,0.00,0.00,9.80
0.00,0.00,0.00,0.00,8.00,0.00,2.50,2.00
0.00,0.00,0.00,0.00,0.00,0.00,2.50,4.50
0.00,0.00,0.75,0.00,0.00,0.00,0.00,6.00
3.00,5.00,0.00,0.00,0.00,0.00,0.00,5.00
0.00,0.00,0.00,0.00,0.00,0.00,0.00,4.19
2.86,2.86,0.00,0.00,0.00,0.00,3.81,7.14
3.08,0.00,0.00,0.00,0.00,0.00,0.00,3.85
0.00,4.33,0.00,0.00,2.33,0.00,0.00,2.00
10.00,0.00,0.81,7.57,0.00,0.00,0.00,3.51
0.00,0.00,0.00,0.00,0.00,0.00,0.00,6.59
0.00,0.00,5.75,0.00,2.75,0.00,0.00,4.25
0.00,0.00,0.87,0.00,0.00,0.00,4.35,4.78
0.00,0.00,0.00,0.00,9.09,0.00,0.00,6.67
0.00,0.00,0.00,0.00,0.00,0.00,0.00,2.31
6.58,0.00,0.00,0.00,2.37,3.68,0.00,2.89
5.68,0.00,0.00,0.00,0.00,5.14,0.00,10.00
0.00,0.00,0.00,0.00,0.00,0.00,0.00,7.30
2.05,0.00,3.64,0.00,0.00,0.00,0.00,3.86
4.69,4.69,0.00,0.00,0.00,0.00,3.44,0.62
0.00,0.00,0.00,0.00,0.00,0.00,10.00,3.43
0.00,0.00,0.00,4.33,0.00,0.00,0.00,1.33
0.00,0.00,0.00,0.00,0.00,0.00,0.00,6.59
0.00,0.00,0.00,0.00,0.00,0.00,0.00,4.24
0.00,0.00,0.00,0.00,0.00,0.00,4.62,5.38
0.00,4.00,0.00,0.00,2.29,0.00,0.00,5.14
9.11,0.00,0.00,0.00,4.00,0.00,0.00,3.56
0.00,0.28,0.00,0.00,2.22,0.00,0.00,5.83
0.00,1.54,0.00,0.00,0.00,0.00,3.33,2.56
0.00,5.00,0.00,0.00,0.00,0.00,0.00,1.56
0.00,5.95,0.00,0.00,0.00,0.00,3.78,0.27
0.00,0.00,0.00,0.00,0.00,0.00,0.00,3.81
0.00,0.00,0.00,3.42,0.00,3.16,0.00,6.84
0.00,0.00,6.51,2.09,0.00,6.51,0.00,1.86
0.00,0.00,3.89,0.00,3.61,0.00,0.00,3.89
0.00,0.00,2.89,0.00,0.00,0.00,0.00,2.37
0.00,10.00,0.00,0.00,0.00,2.05,0.00,4.87
5.53,0.00,0.00,0.00,0.00,0.00,0.26,4.74
0.00,1.38,0.00,0.00,4.48,0.00,0.00,4.83
0.00,3.64,0.00,0.00,0.00,0.00,0.68,2.73
3.24,4.86,0.00,0.00,4.86,0.00,0.00,3.24
0.00,0.00,8.67,0.00,0.00,3.00,0.00,4.67
1.70,0.00,0.00,0.00,0.00,0.00,0.00,9.79
6.00,0.00,0.00,0.00,0.67,0.00,0.00,5.67
0.59,0.00,0.00,0.00,0.00,0.00,6.47,0.88
0.00,0.00,0.00,0.00,0.00,0.00,8.00,5.33
0.00,0.00,0.00,0.00,0.00,0.00,3.55,6.77
0.00,0.00,0.00,0.00,0.54,5.68,0.00,10.00
0.00,0.00,0.00,0.00,9.39,0.00,0.00,5.15
0.00,0.00,1.59,0.00,0.00,0.00,0.00,6.36
3.14,0.00,0.00,0.00,10.00,0.00,0.00,1.71
1.03,10.00,0.00,0.00,5.17,0.00,0.00,2.07
0.00,0.00,0.00,0.00,0.00,0.00,0.49,5.12
0.00,0.86,6.00,0.00,0.00,0.00,0.00,6.57
3.44,1.88,0.00,0.00,5.00,0.00,0.00,2.50
0.00,0.00,0.00,5.17,0.00,0.00,4.14,1.03
0.00,0.00,4.72,0.00,0.00,0.00,5.56,4.17
0.00,0.00,0.30,0.00,0.00,3.33,0.00,0.61
0.00,2.22,0.00,0.00,1.67,0.00,0.00,8.33
0.00,0.00,0.00,0.00,0.00,6.39,0.00,2.78
6.11,0.00,0.00,0.00,0.00,0.00,4.44,1.94
10.00,0.00,0.00,1.94,0.00,0.00,0.00,5.16
0.00,3.42,3.95,0.00,0.00,0.00,0.00,3.42
0.00,0.00,8.44,0.00,5.00,0.00,0.00,4.69
0.00,0.00,4.42,0.00,0.00,0.00,6.51,3.02
0.00,0.00,0.00,0.00,0.00,6.41,0.00,2.56
0.00,0.00,0.00,0.00,10.00,0.00,0.00,8.65
5.00,0.00,0.00,0.00,0.00,0.24,0.00,5.00
0.00,0.00,0.00,0.00,0.00,0.53,6.58,6.32
0.00,0.00,0.00,3.67,3.27,0.00,0.00,6.53
0.00,0.00,0.00,0.00,0.00,0.00,0.00,6.47
0.00,0.00,0.00,10.00,2.22,9.11,0.00,0.67
0.00,0.00,7.03,0.00,1.89,0.00,3.24,5.68
0.00,2.50,0.00,0.00,8.12,0.00,0.00,7.19
0.00,0.00,0.00,0.00,0.00,0.00,0.00,4.57
0.00,0.00,0.00,0.00,6.45,0.00,0.00,2.58
0.00,3.24,10.00,0.00,0.00,0.00,0.00,7.94
0.86,10.00,0.00,0.00,0.00,4.00,0.00,2.86
5.71,5.71,0.00,0.00,0.00,0.00,0.00,6.25
0.00,0.00,0.00,0.00,0.00,4.39,0.00,1.22
0.00,6.34,0.00,0.00,4.39,0.00,9.51,4.88
0.00,0.00,0.00,0.00,0.00,0.00,0.00,6.14
1.86,0.00,0.00,0.00,0.00,0.00,0.00,7.91
1.61,0.00,0.00,0.00,0.00,0.00,2.90,0.65
0.00,0.00,0.00,0.68,0.00,0.00,0.00,5.23
0.00,0.00,8.57,0.00,1.79,0.00,4.29,9.64
0.00,5.71,0.00,4.05,0.00,0.00,1.90,10.00
0.00,0.00,0.00,0.00,1.59,2.05,6.59,6.82
0.00,2.20,0.00,0.00,0.00,0.73,0.00,5.12
6.45,0.00,0.00,0.00,0.00,0.00,0.00,1.94
0.00,0.00,8.27,6.54,0.00,0.00,0.00,1.54
0.00,2.57,0.00,0.00,0.00,0.00,0.00,2.29
0.00,0.00,0.00,0.00,3.33,0.00,0.00,6.36
0.00,0.00,0.00,0.00,0.00,0.00,0.00,3.42
0.00,0.00,0.00,3.49,0.00,0.00,0.00,4.19
0.00,0.00,0.00,0.00,0.00,0.00,0.00,5.67
0.00,0.00,0.00,0.00,0.00,0.00,0.00,2.89
0.00,10.00,4.84,8.06,1.29,0.32,0.00,0.65
0.00,0.00,0.00,0.00,8.39,0.00,0.00,8.04
10.00,3.14,0.00,3.71,0.29,7.14,0.00,3.43
0.00,0.00,0.00,0.00,0.00,5.23,0.00,4.55
0.00,3.87,0.00,5.16,0.00,0.00,0.00,4.19
1.21,0.00,0.00,0.00,0.00,0.00,1.82,7.58
0.00,0.00,0.00,0.00,0.00,0.00,0.00,2.22
0.00,0.00,0.00,0.00,6.67,0.00,0.00,3.06
0.00,0.00,0.00,0.00,0.00,0.00,6.45,8.06
5.67,0.00,0.67,0.00,5.00,0.00,0.00,10.00
0.00,0.00,4.55,0.00,0.00,0.00,0.00,2.73
0.00,4.71,0.00,0.00,0.00,0.00,5.88,2.35
4.47,0.00,0.00,0.00,0.00,0.00,0.00,2.63
0.00,0.00,0.00,0.00,0.19,4.15,10.00,5.85
5.90,2.31,0.00,0.00,0.00,0.00,0.00,5.90
0.00,0.00,0.00,2.38,0.00,0.00,0.00,5.24
0.00,1.05,0.00,0.00,0.00,0.00,1.05,7.63
0.00,8.21,0.00,0.00,0.00,0.26,0.00,10.00
0.00,0.00,0.00,0.00,0.00,0.00,5.75,8.75
0.00,0.00,0.00,0.00,0.00,0.00,0.00,7.31
0.00,0.32,0.00,0.00,0.00,0.00,0.00,4.19
0.81,0.00,0.00,0.00,0.00,0.00,0.00,8.92
0.00,0.00,0.28,4.44,7.78,0.00,0.00,7.78
0.00,0.00,0.00,0.00,0.00,0.00,0.00,7.83
0.00,0.00,0.00,0.00,0.00,0.00,0.00,6.54
0.00,0.00,5.38,0.00,0.00,0.00,0.00,4.10
0.00,0.00,0.00,0.00,0.00,0.00,3.82,4.41
0.00,0.00,0.00,0.00,0.00,0.00,0.00,3.17
3.17,0.00,0.00,5.33,0.00,0.33,0.00,5.50
0.73,0.00,0.00,6.59,0.00,0.00,0.00,2.93
0.00,0.00,3.68,0.00,0.00,0.00,0.00,3.95
1.50,4.00,0.00,0.00,8.00,0.00,8.75,6.25
6.56,0.00,0.00,0.00,0.00,0.00,0.00,2.50
0.00,0.00,0.00,0.00,0.00,0.00,2.12,5.15
0.00,4.47,0.00,0.00,0.00,7.37,3.16,4.74
1.43,0.00,0.00,0.00,0.00,5.24,0.00,6.43
0.00,0.00,1.58,0.00,0.00,0.00,0.00,6.05
0.00,0.00,0.00,0.00,0.00,0.00,0.00,0.83
3.53,0.00,0.00,0.00,3.53,2.06,0.00,1.76
0.00,0.00,5.71,0.00,5.89,0.00,0.00,4.29
0.00,2.76,0.00,0.00,0.00,0.00,2.76,2.41
0.00,0.00,0.00,0.00,0.00,0.00,0.00,2.56
0.00,0.00,0.94,0.00,0.00,4.69,0.00,0.62
6.00,0.00,2.67,0.00,0.00,0.00,4.22,3.11
0.00,0.00,5.50,0.00,0.00,0.00,0.00,1.50
0.00,0.00,4.83,0.00,3.79,8.28,0.00,3.45
0.00,6.49,0.00,5.14,0.00,1.35,2.16,2.43
0.00,0.00,0.00,4.71,0.00,6.47,0.29,4.41
3.00,0.00,0.00,0.00,0.00,0.00,0.00,9.33
0.00,0.00,0.00,0.00,0.00,0.00,0.00,6.51
0.00,2.44,0.00,1.78,0.00,10.00,6.22,3.33
2.05,0.00,0.00,0.00,0.00,6.41,2.56,5.90
0.00,0.00,0.00,0.00,0.00,0.00,0.00,1.30
4.88,4.88,0.00,0.00,0.00,3.41,0.00,0.73
0.00,0.00,0.00,0.00,0.00,0.00,0.00,6.88
0.00,0.00,6.49,2.97,0.00,0.00,0.00,2.16
0.00,2.73,0.00,0.00,0.00,0.00,0.91,6.67
0.00,10.00,0.00,0.00,0.00,0.00,2.86,4.57
0.00,0.00,0.00,0.00,0.93,3.95,0.00,3.49
0.00,0.00,0.00,0.00,0.00,7.86,0.00,2.86
3.08,0.00,0.00,0.00,0.00,0.00,0.00,0.26
0.00,0.00,1.07,5.00,0.00,0.00,0.00,1.43
0.00,0.00,3.64,0.00,0.00,3.33,0.00,2.73
0.27,0.00,0.00,0.00,0.00,0.00,0.00,2.43
2.95,0.00,0.00,0.00,0.00,1.82,0.00,3.64
0.00,0.00,0.00,2.57,0.00,0.00,0.00,2.57
0.00,0.00,0.00,5.45,0.00,0.00,0.91,6.67
0.00,0.00,0.00,0.00,0.00,5.42,0.00,1.25
0.00,0.00,0.00,0.00,0.00,0.00,0.00,3.79
3.10,0.00,0.00,0.00,0.00,0.00,1.90,2.38
0.00,0.00,0.00,0.00,0.00,0.00,0.00,2.79
0.00,0.00,0.00,3.10,7.14,9.52,0.00,6.19
0.00,0.00,0.00,10.00,0.00,0.00,0.94,6.88
0.00,0.00,7.78,0.00,5.00,6.39,0.00,6.39
0.00,0.00,1.67,2.22,0.00,0.00,5.28,0.28
0.00,4.41,0.00,0.00,0.00,5.88,0.00,7.06
0.00,0.00,0.00,0.00,0.00,3.53,0.00,3.82
3.49,0.00,3.95,0.00,0.00,0.00,0.00,4.88
0.00,0.00,0.00,10.00,0.00,0.00,0.00,3.75
0.00,2.00,0.00,0.00,0.00,0.00,0.00,5.50
3.33,8.89,3.89,0.00,0.00,0.00,0.00,5.00
0.00,0.00,0.00,0.00,5.48,0.00,0.00,4.84
0.00,0.00,3.00,0.00,0.00,0.00,0.00,3.25
0.00,0.00,0.00,10.00,0.00,0.00,0.00,2.38
1.60,0.00,7.60,0.00,0.00,0.00,0.00,2.00
2.34,0.00,2.55,0.00,0.00,7.23,0.00,7.66
0.32,0.00,0.00,9.03,1.29,0.00,0.00,3.87
4.29,2.86,3.21,0.00,0.00,0.00,6.79,2.50
0.00,0.00,0.00,0.00,0.00,0.00,0.00,0.25
0.00,0.00,6.10,0.00,0.00,5.12,0.00,5.37
0.00,0.00,3.75,5.00,7.50,0.00,1.67,5.83
0.00,0.00,0.00,0.00,0.00,0.00,0.00,0.25
0.00,3.81,1.67,0.00,10.00,0.00,0.00,3.57
0.00,0.00,0.00,6.97,4.85,0.00,0.00,10.00
0.00,0.00,3.43,0.00,0.00,0.00,0.00,9.14
1.11,0.00,0.00,0.00,0.00,0.00,0.00,6.48
0.00,6.58,5.26,0.00,0.00,0.00,0.00,3.68
0.00,0.00,6.50,0.00,2.75,0.00,0.00,1.00
0.00,0.00,0.00,0.00,0.00,5.00,0.00,5.33
0.00,0.00,0.00,0.00,1.14,0.00,6.57,2.29
0.00,10.00,0.00,0.00,0.00,0.00,0.00,2.43
0.00,0.00,0.00,0.00,0.00,0.00,0.00,2.31
0.00,0.00,0.00,0.00,3.02,0.00,2.56,8.14
0.00,0.00,6.56,0.31,3.12,0.00,0.00,5.00
0.00,4.85,2.12,10.00,0.00,10.00,0.00,6.06
4.32,0.00,0.00,0.00,0.00,10.00,3.78,2.43
0.00,3.16,0.00,0.00,0.00,0.00,0.00,2.63
0.00,0.00,0.00,8.84,0.00,0.00,5.81,3.26
0.00,0.00,9.72,0.00,0.00,0.00,0.00,3.33
0.00,0.00,0.00,0.00,7.43,7.43,0.00,0.86
10.00,0.00,0.00,6.86,0.00,0.00,4.57,1.43
0.00,4.55,0.00,0.00,0.00,0.00,2.73,3.27
0.00,0.00,0.86,0.00,6.86,0.00,0.00,9.43
0.00,0.00,0.00,5.29,0.00,0.00,0.00,7.35
0.00,0.00,0.00,0.49,6.59,0.00,0.00,1.46
0.00,0.00,0.00,0.00,0.00,4.29,0.00,3.71
0.00,3.95,0.00,0.00,0.00,0.00,6.32,3.16
0.00,0.00,0.00,5.68,0.00,0.00,1.36,5.68
0.00,0.00,4.41,0.00,0.00,0.00,8.53,3.53
0.00,3.08,0.00,0.00,0.00,0.00,0.00,3.85
0.00,3.21,0.00,8.87,0.00,0.00,0.00,3.77
0.00,0.00,0.00,0.00,0.00,0.00,8.46,5.13
0.00,5.36,0.00,0.00,0.00,0.00,0.00,5.71
0.00,8.79,0.00,0.00,0.00,0.00,0.00,0.30
4.39,0.00,0.00,1.95,10.00,0.00,6.83,2.44
0.00,4.29,0.00,0.00,0.00,0.00,0.00,1.67
3.85,3.33,0.00,0.00,0.00,0.00,0.00,6.41
2.86,0.00,0.00,0.00,0.00,0.00,0.00,1.71
0.00,0.00,0.00,0.00,0.00,2.65,0.00,6.47
0.00,0.00,0.00,0.00,6.44,0.00,0.00,3.11
2.70,0.00,0.00,0.00,0.00,0.00,0.00,4.59
0.00,0.00,0.00,0.00,5.14,0.00,1.35,3.24
3.87,0.00,0.00,0.00,0.00,1.94,0.00,1.94
0.00,5.00,0.00,0.00,0.00,0.00,3.33,4.67
0.00,0.00,10.00,0.00,0.00,0.00,0.00,4.05
2.37,0.00,0.00,0.00,0.00,0.00,3.68,10.00
0.00,0.00,0.00,0.00,0.00,0.85,0.00,5.32
0.00,0.00,0.00,0.00,0.00,0.00,0.00,3.19
0.00,0.00,0.00,0.00,0.00,0.00,4.35,1.30
0.00,4.00,0.00,4.86,4.57,0.00,0.00,0.86
0.00,0.00,0.00,0.00,0.83,0.00,0.00,8.61
0.00,0.00,6.48,0.00,0.00,0.00,0.00,4.07
0.00,0.00,0.00,0.00,0.00,0.00,0.00,2.71
0.00,6.76,0.00,0.00,0.00,5.00,0.00,5.00
0.00,0.00,0.00,0.00,1.36,1.82,0.00,5.23
0.00,0.00,0.00,0.00,0.00,0.00,6.49,1.35
0.00,10.00,0.00,0.73,0.00,4.88,0.00,3.66
0.00,0.00,1.08,0.00,0.00,0.00,0.00,3.24
5.45,0.00,0.00,0.00,3.18,0.00,0.00,2.50
0.00,0.00,0.00,0.00,0.00,0.00,0.00,5.50
0.00,0.00,0.00,0.00,0.00,0.00,0.00,4.64
0.00,0.00,9.06,0.00,7.19,0.00,0.00,5.00
0.00,0.00,0.00,0.00,0.00,4.63,10.00,1.95
0.00,0.00,0.00,0.00,0.00,0.00,0.00,1.95
0.00,0.00,5.53,0.00,0.00,6.32,0.00,3.42
0.00,0.00,0.00,0.00,0.00,3.16,2.89,3.16
0.00,5.58,0.00,0.00,0.00,2.09,0.00,10.00
0.00,0.00,0.00,0.00,0.00,4.21,0.00,4.47
0.00,0.00,0.00,0.00,4.85,0.00,0.00,2.42
0.69,0.00,7.93,7.59,4.48,0.00,0.00,2.07
0.00,0.00,0.00,3.70,0.00,6.74,2.83,3.26
0.00,0.00,0.00,0.00,0.00,0.75,0.00,8.75
0.00,0.00,0.00,0.00,1.48,0.00,3.89,1.30
0.00,0.00,0.00,0.00,0.00,0.00,1.79,3.85
0.00,0.00,0.00,0.00,0.00,10.00,0.00,6.79
3.43,0.00,0.00,0.00,0.00,6.86,0.00,5.43
0.00,0.00,0.00,0.00,0.00,2.42,3.33,5.45
0.00,0.00,0.00,0.00,1.79,0.00,0.00,4.64
0.00,0.00,0.00,0.00,0.00,0.00,0.00,3.33
0.00,0.00,0.00,0.00,0.00,0.00,1.28,4.10
0.00,0.00,4.50,5.75,0.00,0.00,0.00,0.25
8.33,0.00,0.00,3.00,0.00,0.00,0.00,2.00
0.00,10.00,0.00,0.00,0.00,0.00,0.00,0.70
5.00,0.00,1.88,0.00,0.00,0.00,0.00,3.44
0.00,0.00,0.00,0.00,0.00,0.00,0.00,4.32
2.22,10.00,0.00,0.00,0.00,0.00,0.00,3.61
0.00,0.00,0.00,0.00,5.71,0.00,2.29,3.71
5.33,0.00,0.00,0.00,0.00,0.00,0.00,6.00
0.00,0.00,5.00,0.42,0.00,0.00,0.00,7.92
0.00,0.00,0.00,5.95,0.00,0.00,0.00,4.05
0.00,0.00,0.00,0.00,0.00,0.00,0.00,3.42
0.00,3.87,0.00,10.00,0.00,0.00,0.00,4.52
1.40,3.02,0.00,7.91,0.23,0.00,0.00,1.86
2.00,0.00,0.00,8.00,0.00,0.00,0.00,1.00
5.67,0.00,0.00,0.00,4.33,8.67,0.00,2.33
0.00,0.00,4.14,0.00,0.00,0.00,0.00,4.48
0.00,0.00,0.00,0.00,0.00,0.00,0.00,5.48
0.00,5.50,0.00,0.00,0.00,0.00,0.00,0.50
0.00,0.00,4.59,0.00,0.00,0.00,0.00,4.05
0.00,0.00,0.00,0.00,0.00,5.29,0.00,3.53
0.00,0.00,1.91,0.00,0.00,0.00,0.00,5.11
0.00,5.22,0.00,0.00,0.43,0.00,9.57,3.48
1.22,6.10,0.00,0.00,0.00,0.00,0.00,5.85
0.00,0.00,0.26,0.00,8.72,6.67,0.00,4.36
0.00,0.00,0.00,0.00,0.00,0.00,0.00,3.45
0.00,2.43,0.00,0.00,0.00,0.00,0.00,5.14
0.00,2.14,0.00,4.76,0.00,0.00,0.00,3.81
0.00,0.00,0.21,0.00,4.38,0.00,0.00,2.71
0.00,0.00,0.00,0.00,0.00,0.00,0.00,5.62
0.00,0.00,0.00,0.00,0.00,2.75,8.75,3.50
0.00,0.00,0.00,0.00,0.00,0.00,0.00,5.95
0.00,0.00,0.00,5.48,0.00,0.00,5.48,2.90
0.34,0.00,0.00,0.00,0.00,1.72,0.00,10.00
0.00,2.40,0.00,0.00,0.00,0.00,0.00,4.40
0.00,0.00,0.00,0.00,0.00,0.00,4.44,7.50
0.00,0.00,0.00,4.29,0.00,5.48,0.00,10.00
0.00,0.00,0.00,0.00,0.00,5.21,0.00,0.21
0.00,0.00,0.00,0.00,0.00,3.33,0.00,9.67
0.00,0.00,0.00,0.00,0.00,0.00,0.00,4.68
0.00,0.00,0.00,0.00,3.21,0.00,6.43,2.50
0.00,0.00,0.00,0.00,0.00,2.67,2.33,8.67
